@frequency,provider_code,dataset_code,dataset_name,series_code,series_name,original_period,period,original_value,value,country,label,Country,Label,value_lag1,value_moy_mobile_3,value_variation_points
annual,BCEAO,TAUXINFL_A,TAUX D'INFATION EN MOYENNE ANNUELLE,AAASR3072A0BP,COTE D'IVOIRE – Taux d'inflation moyen annuel (IPC) (en %),1998,1998-01-01,4.6,4.6,AAA,SR3072A0BP,COTE D'IVOIRE,Taux d'inflation moyen annuel (IPC) (en %),,,
annual,BCEAO,TAUXINFL_A,TAUX D'INFATION EN MOYENNE ANNUELLE,AAASR3072A0BP,COTE D'IVOIRE – Taux d'inflation moyen annuel (IPC) (en %),1999,1999-01-01,0.7,0.7,AAA,SR3072A0BP,COTE D'IVOIRE,Taux d'inflation moyen annuel (IPC) (en %),4.6,,-3.8999999999999995
annual,BCEAO,TAUXINFL_A,TAUX D'INFATION EN MOYENNE ANNUELLE,AAASR3072A0BP,COTE D'IVOIRE – Taux d'inflation moyen annuel (IPC) (en %),2000,2000-01-01,2.54,2.54,AAA,SR3072A0BP,COTE D'IVOIRE,Taux d'inflation moyen annuel (IPC) (en %),0.7,2.6133333333333333,1.84
annual,BCEAO,TAUXINFL_A,TAUX D'INFATION EN MOYENNE ANNUELLE,AAASR3072A0BP,COTE D'IVOIRE – Taux d'inflation moyen annuel (IPC) (en %),2001,2001-01-01,4.35,4.35,AAA,SR3072A0BP,COTE D'IVOIRE,Taux d'inflation moyen annuel (IPC) (en %),2.54,2.53,1.8099999999999996
annual,BCEAO,TAUXINFL_A,TAUX D'INFATION EN MOYENNE ANNUELLE,AAASR3072A0BP,COTE D'IVOIRE – Taux d'inflation moyen annuel (IPC) (en %),2002,2002-01-01,3.08,3.08,AAA,SR3072A0BP,COTE D'IVOIRE,Taux d'inflation moyen annuel (IPC) (en %),4.35,3.323333333333333,-1.2699999999999996
annual,BCEAO,TAUXINFL_A,TAUX D'INFATION EN MOYENNE ANNUELLE,AAASR3072A0BP,COTE D'IVOIRE – Taux d'inflation moyen annuel (IPC) (en %),2003,2003-01-01,3.3,3.3,AAA,SR3072A0BP,COTE D'IVOIRE,Taux d'inflation moyen annuel (IPC) (en %),3.08,3.5766666666666667,0.21999999999999975
annual,BCEAO,TAUXINFL_A,TAUX D'INFATION EN MOYENNE ANNUELLE,AAASR3072A0BP,COTE D'IVOIRE – Taux d'inflation moyen annuel (IPC) (en %),2004,2004-01-01,1.45,1.45,AAA,SR3072A0BP,COTE D'IVOIRE,Taux d'inflation moyen annuel (IPC) (en %),3.3,2.61,-1.8499999999999999
annual,BCEAO,TAUXINFL_A,TAUX D'INFATION EN MOYENNE ANNUELLE,AAASR3072A0BP,COTE D'IVOIRE – Taux d'inflation moyen annuel (IPC) (en %),2005,2005-01-01,3.89,3.89,AAA,SR3072A0BP,COTE D'IVOIRE,Taux d'inflation moyen annuel (IPC) (en %),1.45,2.8800000000000003,2.4400000000000004
annual,BCEAO,TAUXINFL_A,TAUX D'INFATION EN MOYENNE ANNUELLE,AAASR3072A0BP,COTE D'IVOIRE – Taux d'inflation moyen annuel (IPC) (en %),2006,2006-01-01,2.47,2.47,AAA,SR3072A0BP,COTE D'IVOIRE,Taux d'inflation moyen annuel (IPC) (en %),3.89,2.6033333333333335,-1.42
annual,BCEAO,TAUXINFL_A,TAUX D'INFATION EN MOYENNE ANNUELLE,AAASR3072A0BP,COTE D'IVOIRE – Taux d'inflation moyen annuel (IPC) (en %),2007,2007-01-01,1.89,1.89,AAA,SR3072A0BP,COTE D'IVOIRE,Taux d'inflation moyen annuel (IPC) (en %),2.47,2.75,-0.5800000000000003
annual,BCEAO,TAUXINFL_A,TAUX D'INFATION EN MOYENNE ANNUELLE,AAASR3072A0BP,COTE D'IVOIRE – Taux d'inflation moyen annuel (IPC) (en %),2008,2008-01-01,6.31,6.31,AAA,SR3072A0BP,COTE D'IVOIRE,Taux d'inflation moyen annuel (IPC) (en %),1.89,3.5566666666666666,4.42
annual,BCEAO,TAUXINFL_A,TAUX D'INFATION EN MOYENNE ANNUELLE,AAASR3072A0BP,COTE D'IVOIRE – Taux d'inflation moyen annuel (IPC) (en %),2009,2009-01-01,0.52,0.52,AAA,SR3072A0BP,COTE D'IVOIRE,Taux d'inflation moyen annuel (IPC) (en %),6.31,2.9066666666666663,-5.789999999999999
annual,BCEAO,TAUXINFL_A,TAUX D'INFATION EN MOYENNE ANNUELLE,AAASR3072A0BP,COTE D'IVOIRE – Taux d'inflation moyen annuel (IPC) (en %),2010,2010-01-01,1.8,1.8,AAA,SR3072A0BP,COTE D'IVOIRE,Taux d'inflation moyen annuel (IPC) (en %),0.52,2.8766666666666665,1.28
annual,BCEAO,TAUXINFL_A,TAUX D'INFATION EN MOYENNE ANNUELLE,AAASR3072A0BP,COTE D'IVOIRE – Taux d'inflation moyen annuel (IPC) (en %),2011,2011-01-01,4.9,4.9,AAA,SR3072A0BP,COTE D'IVOIRE,Taux d'inflation moyen annuel (IPC) (en %),1.8,2.4066666666666667,3.1000000000000005
annual,BCEAO,TAUXINFL_A,TAUX D'INFATION EN MOYENNE ANNUELLE,AAASR3072A0BP,COTE D'IVOIRE – Taux d'inflation moyen annuel (IPC) (en %),2012,2012-01-01,1.3,1.3,AAA,SR3072A0BP,COTE D'IVOIRE,Taux d'inflation moyen annuel (IPC) (en %),4.9,2.6666666666666674,-3.6000000000000005
annual,BCEAO,TAUXINFL_A,TAUX D'INFATION EN MOYENNE ANNUELLE,AAASR3072A0BP,COTE D'IVOIRE – Taux d'inflation moyen annuel (IPC) (en %),2013,2013-01-01,2.6,2.6,AAA,SR3072A0BP,COTE D'IVOIRE,Taux d'inflation moyen annuel (IPC) (en %),1.3,2.9333333333333336,1.3
annual,BCEAO,TAUXINFL_A,TAUX D'INFATION EN MOYENNE ANNUELLE,AAASR3072A0BP,COTE D'IVOIRE – Taux d'inflation moyen annuel (IPC) (en %),2014,2014-01-01,0.5,0.5,AAA,SR3072A0BP,COTE D'IVOIRE,Taux d'inflation moyen annuel (IPC) (en %),2.6,1.4666666666666668,-2.1
annual,BCEAO,TAUXINFL_A,TAUX D'INFATION EN MOYENNE ANNUELLE,AAASR3072A0BP,COTE D'IVOIRE – Taux d'inflation moyen annuel (IPC) (en %),2015,2015-01-01,1.2,1.2,AAA,SR3072A0BP,COTE D'IVOIRE,Taux d'inflation moyen annuel (IPC) (en %),0.5,1.4333333333333336,0.7
annual,BCEAO,TAUXINFL_A,TAUX D'INFATION EN MOYENNE ANNUELLE,AAASR3072A0BP,COTE D'IVOIRE – Taux d'inflation moyen annuel (IPC) (en %),2016,2016-01-01,0.7,0.7,AAA,SR3072A0BP,COTE D'IVOIRE,Taux d'inflation moyen annuel (IPC) (en %),1.2,0.7999999999999999,-0.5
annual,BCEAO,TAUXINFL_A,TAUX D'INFATION EN MOYENNE ANNUELLE,AAASR3072A0BP,COTE D'IVOIRE – Taux d'inflation moyen annuel (IPC) (en %),2017,2017-01-01,0.4,0.4,AAA,SR3072A0BP,COTE D'IVOIRE,Taux d'inflation moyen annuel (IPC) (en %),0.7,0.7666666666666666,-0.29999999999999993
annual,BCEAO,TAUXINFL_A,TAUX D'INFATION EN MOYENNE ANNUELLE,AAASR3072A0BP,COTE D'IVOIRE – Taux d'inflation moyen annuel (IPC) (en %),2018,2018-01-01,0.6,0.6,AAA,SR3072A0BP,COTE D'IVOIRE,Taux d'inflation moyen annuel (IPC) (en %),0.4,0.5666666666666667,0.19999999999999996
annual,BCEAO,TAUXINFL_A,TAUX D'INFATION EN MOYENNE ANNUELLE,AAASR3072A0BP,COTE D'IVOIRE – Taux d'inflation moyen annuel (IPC) (en %),2019,2019-01-01,0.8,0.8,AAA,SR3072A0BP,COTE D'IVOIRE,Taux d'inflation moyen annuel (IPC) (en %),0.6,0.6,0.20000000000000007
annual,BCEAO,TAUXINFL_A,TAUX D'INFATION EN MOYENNE ANNUELLE,AAASR3072A0BP,COTE D'IVOIRE – Taux d'inflation moyen annuel (IPC) (en %),2020,2020-01-01,2.4,2.4,AAA,SR3072A0BP,COTE D'IVOIRE,Taux d'inflation moyen annuel (IPC) (en %),0.8,1.2666666666666666,1.5999999999999999
annual,BCEAO,TAUXINFL_A,TAUX D'INFATION EN MOYENNE ANNUELLE,AAASR3072A0BP,COTE D'IVOIRE – Taux d'inflation moyen annuel (IPC) (en %),2021,2021-01-01,4.2,4.2,AAA,SR3072A0BP,COTE D'IVOIRE,Taux d'inflation moyen annuel (IPC) (en %),2.4,2.466666666666667,1.8000000000000003
annual,BCEAO,TAUXINFL_A,TAUX D'INFATION EN MOYENNE ANNUELLE,AAASR3072A0BP,COTE D'IVOIRE – Taux d'inflation moyen annuel (IPC) (en %),2022,2022-01-01,5.2,5.2,AAA,SR3072A0BP,COTE D'IVOIRE,Taux d'inflation moyen annuel (IPC) (en %),4.2,3.9333333333333336,1.0
annual,BCEAO,TAUXINFL_A,TAUX D'INFATION EN MOYENNE ANNUELLE,AAASR3072A0BP,COTE D'IVOIRE – Taux d'inflation moyen annuel (IPC) (en %),2023,2023-01-01,4.4,4.4,AAA,SR3072A0BP,COTE D'IVOIRE,Taux d'inflation moyen annuel (IPC) (en %),5.2,4.6000000000000005,-0.7999999999999998
annual,BCEAO,TAUXINFL_A,TAUX D'INFATION EN MOYENNE ANNUELLE,AAASR3072A0BP,COTE D'IVOIRE – Taux d'inflation moyen annuel (IPC) (en %),2024,2024-01-01,3.5,3.5,AAA,SR3072A0BP,COTE D'IVOIRE,Taux d'inflation moyen annuel (IPC) (en %),4.4,4.366666666666667,-0.9000000000000004
