period,value,indicateur,description,value_lag1,value_moy_mobile_3,value_variation_points
1960-01-01,150.7,pib_senegal,"PIB nominal, Sénégal",,,
1961-01-01,162.6,pib_senegal,"PIB nominal, Sénégal",150.7,,11.900000000000006
1962-01-01,172.2,pib_senegal,"PIB nominal, Sénégal",162.6,161.83333333333334,9.599999999999994
1963-01-01,179.3,pib_senegal,"PIB nominal, Sénégal",172.2,171.36666666666667,7.100000000000023
1964-01-01,190.8,pib_senegal,"PIB nominal, Sénégal",179.3,180.76666666666665,11.5
1965-01-01,199.7,pib_senegal,"PIB nominal, Sénégal",190.8,189.93333333333337,8.899999999999977
1966-01-01,206.3,pib_senegal,"PIB nominal, Sénégal",199.7,198.9333333333333,6.600000000000023
1967-01-01,206.5,pib_senegal,"PIB nominal, Sénégal",206.3,204.16666666666666,0.19999999999998863
1968-01-01,218.3,pib_senegal,"PIB nominal, Sénégal",206.5,210.36666666666667,11.800000000000011
1969-01-01,218.0,pib_senegal,"PIB nominal, Sénégal",218.3,214.26666666666668,-0.30000000000001137
1970-01-01,241.5,pib_senegal,"PIB nominal, Sénégal",218.0,225.93333333333337,23.5
1971-01-01,248.4,pib_senegal,"PIB nominal, Sénégal",241.5,235.96666666666667,6.900000000000006
1972-01-01,275.1,pib_senegal,"PIB nominal, Sénégal",248.4,255.0,26.700000000000017
1973-01-01,279.7,pib_senegal,"PIB nominal, Sénégal",275.1,267.73333333333335,4.599999999999966
1974-01-01,340.3,pib_senegal,"PIB nominal, Sénégal",279.7,298.3666666666667,60.60000000000002
1975-01-01,408.5,pib_senegal,"PIB nominal, Sénégal",340.3,342.8333333333333,68.19999999999999
1976-01-01,461.8,pib_senegal,"PIB nominal, Sénégal",408.5,403.5333333333333,53.30000000000001
1977-01-01,486.1,pib_senegal,"PIB nominal, Sénégal",461.8,452.1333333333334,24.30000000000001
1978-01-01,498.5,pib_senegal,"PIB nominal, Sénégal",486.1,482.1333333333334,12.399999999999977
1979-01-01,585.2,pib_senegal,"PIB nominal, Sénégal",498.5,523.2666666666668,86.70000000000005
1980-01-01,631.0,pib_senegal,"PIB nominal, Sénégal",585.2,571.5666666666667,45.799999999999955
1981-01-01,673.6,pib_senegal,"PIB nominal, Sénégal",631.0,629.9333333333334,42.60000000000002
1982-01-01,848.9,pib_senegal,"PIB nominal, Sénégal",673.6,717.8333333333334,175.29999999999995
1983-01-01,944.9,pib_senegal,"PIB nominal, Sénégal",848.9,822.4666666666667,96.0
1984-01-01,1021.2,pib_senegal,"PIB nominal, Sénégal",944.9,938.3333333333334,76.30000000000007
1985-01-01,1158.5,pib_senegal,"PIB nominal, Sénégal",1021.2,1041.5333333333333,137.29999999999995
1986-01-01,1303.3,pib_senegal,"PIB nominal, Sénégal",1158.5,1161.0,144.79999999999995
1987-01-01,1382.3,pib_senegal,"PIB nominal, Sénégal",1303.3,1281.3666666666666,79.0
1988-01-01,1483.3,pib_senegal,"PIB nominal, Sénégal",1382.3,1389.6333333333332,101.0
1989-01-01,1475.9,pib_senegal,"PIB nominal, Sénégal",1483.3,1447.1666666666667,-7.399999999999864
1990-01-01,2139.32,pib_senegal,"PIB nominal, Sénégal",1475.9,1699.506666666667,663.4200000000001
1991-01-01,2153.88,pib_senegal,"PIB nominal, Sénégal",2139.32,1923.0333333333335,14.559999999999945
1992-01-01,2214.22,pib_senegal,"PIB nominal, Sénégal",2153.88,2169.14,60.33999999999969
1993-01-01,2134.55,pib_senegal,"PIB nominal, Sénégal",2214.22,2167.5499999999997,-79.66999999999962
1994-01-01,2615.63,pib_senegal,"PIB nominal, Sénégal",2134.55,2321.4666666666667,481.0799999999999
1995-01-01,3010.45,pib_senegal,"PIB nominal, Sénégal",2615.63,2586.8766666666666,394.8199999999997
1996-01-01,3295.45,pib_senegal,"PIB nominal, Sénégal",3010.45,2973.843333333333,285.0
1997-01-01,3519.44,pib_senegal,"PIB nominal, Sénégal",3295.45,3275.113333333333,223.99000000000024
1998-01-01,3810.05,pib_senegal,"PIB nominal, Sénégal",3519.44,3541.646666666667,290.6100000000001
1999-01-01,4057.71,pib_senegal,"PIB nominal, Sénégal",3810.05,3795.733333333333,247.65999999999985
2000-01-01,4270.61,pib_senegal,"PIB nominal, Sénégal",4057.71,4046.123333333333,212.89999999999964
2001-01-01,4766.32,pib_senegal,"PIB nominal, Sénégal",4270.61,4364.88,495.71000000000004
2002-01-01,4860.43,pib_senegal,"PIB nominal, Sénégal",4766.32,4632.453333333334,94.11000000000058
2003-01-01,5084.96,pib_senegal,"PIB nominal, Sénégal",4860.43,4903.903333333333,224.52999999999975
2004-01-01,5313.89,pib_senegal,"PIB nominal, Sénégal",5084.96,5086.426666666666,228.9300000000003
2005-01-01,5804.6,pib_senegal,"PIB nominal, Sénégal",5313.89,5401.150000000001,490.71000000000004
2006-01-01,6111.29,pib_senegal,"PIB nominal, Sénégal",5804.6,5743.259999999999,306.6899999999996
2007-01-01,6698.1,pib_senegal,"PIB nominal, Sénégal",6111.29,6204.663333333334,586.8100000000004
2008-01-01,7516.88,pib_senegal,"PIB nominal, Sénégal",6698.1,6775.423333333333,818.7799999999997
2009-01-01,7593.3,pib_senegal,"PIB nominal, Sénégal",7516.88,7269.426666666666,76.42000000000007
2010-01-01,7976.73,pib_senegal,"PIB nominal, Sénégal",7593.3,7695.636666666666,383.4299999999994
2011-01-01,8394.96,pib_senegal,"PIB nominal, Sénégal",7976.73,7988.329999999999,418.22999999999956
2012-01-01,9016.87,pib_senegal,"PIB nominal, Sénégal",8394.96,8462.853333333333,621.9100000000017
2013-01-01,9343.92,pib_senegal,"PIB nominal, Sénégal",9016.87,8918.583333333334,327.0499999999993
2014-01-01,9775.04,pib_senegal,"PIB nominal, Sénégal",9343.92,9378.61,431.1200000000008
2015-01-01,10508.65,pib_senegal,"PIB nominal, Sénégal",9775.04,9875.87,733.6099999999988
2016-01-01,11283.4,pib_senegal,"PIB nominal, Sénégal",10508.65,10522.363333333333,774.75
2017-01-01,12191.8,pib_senegal,"PIB nominal, Sénégal",11283.4,11327.949999999999,908.3999999999996
2018-01-01,12840.1,pib_senegal,"PIB nominal, Sénégal",12191.8,12105.099999999999,648.3000000000011
2019-01-01,13712.7,pib_senegal,"PIB nominal, Sénégal",12840.1,12914.866666666667,872.6000000000004
2020-01-01,14119.4,pib_senegal,"PIB nominal, Sénégal",13712.7,13557.4,406.6999999999989
2021-01-01,15261.12,pib_senegal,"PIB nominal, Sénégal",14119.4,14364.406666666668,1141.7200000000012
2022-01-01,17227.9,pib_senegal,"PIB nominal, Sénégal",15261.12,15536.14,1966.7800000000007
2023-01-01,18711.7,pib_senegal,"PIB nominal, Sénégal",17227.9,17066.906666666666,1483.7999999999993
2024-01-01,20365.6,pib_senegal,"PIB nominal, Sénégal",18711.7,18768.399999999998,1653.8999999999978
