indicateur,annee,valeur_prevue,borne_basse,borne_haute
pib,2026,21920.01,21436.87,22403.15
pib,2027,23475.79,22559.4,24392.17
inflation,2026,2.89,-1.26,7.04
inflation,2027,1.66,-3.21,6.54
agriculture,2026,4003.12,3823.1,4183.14
agriculture,2027,4326.78,4029.77,4623.8
industrie,2026,5585.27,5417.24,5753.31
industrie,2027,6016.82,5729.48,6304.16
services,2026,12160.27,11860.91,12459.63
services,2027,12775.48,12303.58,13247.38
masse_monetaire,2026,10477.33,9947.96,11006.7
masse_monetaire,2027,10653.75,9538.35,11769.16
