indicateur,zone,annee,valeur
SP.POP.TOTL,benin,2025,14814460.0
SP.POP.TOTL,benin,2024,14462724.0
SP.POP.TOTL,benin,2023,14111034.0
SP.POP.TOTL,benin,2022,13759501.0
SP.POP.TOTL,benin,2021,13413417.0
SP.POP.TOTL,benin,2020,13070169.0
SP.POP.TOTL,benin,2019,12726755.0
SP.POP.TOTL,benin,2018,12383347.0
SP.POP.TOTL,benin,2017,12039780.0
SP.POP.TOTL,benin,2016,11697842.0
SP.POP.TOTL,benin,2015,11360681.0
SP.POP.TOTL,benin,2014,11030004.0
SP.POP.TOTL,benin,2013,10708834.0
SP.POP.TOTL,benin,2012,10397657.0
SP.POP.TOTL,benin,2011,10093623.0
SP.POP.TOTL,benin,2010,9797484.0
SP.POP.TOTL,benin,2009,9509423.0
SP.POP.TOTL,benin,2008,9228466.0
SP.POP.TOTL,benin,2007,8953969.0
SP.POP.TOTL,benin,2006,8693242.0
SP.POP.TOTL,benin,2005,8426144.0
SP.POP.TOTL,benin,2004,8159094.0
SP.POP.TOTL,benin,2003,7913070.0
SP.POP.TOTL,benin,2002,7675426.0
SP.POP.TOTL,benin,2001,7445596.0
SP.POP.TOTL,benin,2000,7221619.0
SP.POP.TOTL,burkina,2025,24074580.0
SP.POP.TOTL,burkina,2024,23548781.0
SP.POP.TOTL,burkina,2023,23025776.0
SP.POP.TOTL,burkina,2022,22509038.0
SP.POP.TOTL,burkina,2021,21995243.0
SP.POP.TOTL,burkina,2020,21478690.0
SP.POP.TOTL,burkina,2019,20961952.0
SP.POP.TOTL,burkina,2018,20438288.0
SP.POP.TOTL,burkina,2017,19894407.0
SP.POP.TOTL,burkina,2016,19334856.0
SP.POP.TOTL,burkina,2015,18777487.0
SP.POP.TOTL,burkina,2014,18229461.0
SP.POP.TOTL,burkina,2013,17695409.0
SP.POP.TOTL,burkina,2012,17172287.0
SP.POP.TOTL,burkina,2011,16661908.0
SP.POP.TOTL,burkina,2010,16176498.0
SP.POP.TOTL,burkina,2009,15710066.0
SP.POP.TOTL,burkina,2008,15258093.0
SP.POP.TOTL,burkina,2007,14816307.0
SP.POP.TOTL,burkina,2006,14373707.0
SP.POP.TOTL,burkina,2005,13932123.0
SP.POP.TOTL,burkina,2004,13500533.0
SP.POP.TOTL,burkina,2003,13082532.0
SP.POP.TOTL,burkina,2002,12680897.0
SP.POP.TOTL,burkina,2001,12295001.0
SP.POP.TOTL,burkina,2000,11925546.0
SP.POP.TOTL,cote_ivoire,2025,32711547.0
SP.POP.TOTL,cote_ivoire,2024,31934230.0
SP.POP.TOTL,cote_ivoire,2023,31165654.0
SP.POP.TOTL,cote_ivoire,2022,30395002.0
SP.POP.TOTL,cote_ivoire,2021,29639736.0
SP.POP.TOTL,cote_ivoire,2020,28915449.0
SP.POP.TOTL,cote_ivoire,2019,28193009.0
SP.POP.TOTL,cote_ivoire,2018,27464173.0
SP.POP.TOTL,cote_ivoire,2017,26733372.0
SP.POP.TOTL,cote_ivoire,2016,25989405.0
SP.POP.TOTL,cote_ivoire,2015,25246342.0
SP.POP.TOTL,cote_ivoire,2014,24527395.0
SP.POP.TOTL,cote_ivoire,2013,23939775.0
SP.POP.TOTL,cote_ivoire,2012,23467078.0
SP.POP.TOTL,cote_ivoire,2011,22982000.0
SP.POP.TOTL,cote_ivoire,2010,22488065.0
SP.POP.TOTL,cote_ivoire,2009,21997940.0
SP.POP.TOTL,cote_ivoire,2008,21514439.0
SP.POP.TOTL,cote_ivoire,2007,21030558.0
SP.POP.TOTL,cote_ivoire,2006,20546802.0
SP.POP.TOTL,cote_ivoire,2005,20068458.0
SP.POP.TOTL,cote_ivoire,2004,19595000.0
SP.POP.TOTL,cote_ivoire,2003,19125542.0
SP.POP.TOTL,cote_ivoire,2002,18654771.0
SP.POP.TOTL,cote_ivoire,2001,18178913.0
SP.POP.TOTL,cote_ivoire,2000,17699004.0
SP.POP.TOTL,guinee_bissau,2025,2249515.0
SP.POP.TOTL,guinee_bissau,2024,2201352.0
SP.POP.TOTL,guinee_bissau,2023,2153339.0
SP.POP.TOTL,guinee_bissau,2022,2105529.0
SP.POP.TOTL,guinee_bissau,2021,2058841.0
SP.POP.TOTL,guinee_bissau,2020,2013255.0
SP.POP.TOTL,guinee_bissau,2019,1967696.0
SP.POP.TOTL,guinee_bissau,2018,1922168.0
SP.POP.TOTL,guinee_bissau,2017,1877072.0
SP.POP.TOTL,guinee_bissau,2016,1831893.0
SP.POP.TOTL,guinee_bissau,2015,1786457.0
SP.POP.TOTL,guinee_bissau,2014,1741122.0
SP.POP.TOTL,guinee_bissau,2013,1695973.0
SP.POP.TOTL,guinee_bissau,2012,1651417.0
SP.POP.TOTL,guinee_bissau,2011,1608076.0
SP.POP.TOTL,guinee_bissau,2010,1566347.0
SP.POP.TOTL,guinee_bissau,2009,1526377.0
SP.POP.TOTL,guinee_bissau,2008,1488054.0
SP.POP.TOTL,guinee_bissau,2007,1450986.0
SP.POP.TOTL,guinee_bissau,2006,1415303.0
SP.POP.TOTL,guinee_bissau,2005,1381585.0
SP.POP.TOTL,guinee_bissau,2004,1349563.0
SP.POP.TOTL,guinee_bissau,2003,1318806.0
SP.POP.TOTL,guinee_bissau,2002,1289307.0
SP.POP.TOTL,guinee_bissau,2001,1261273.0
SP.POP.TOTL,guinee_bissau,2000,1234741.0
SP.POP.TOTL,mali,2025,25198821.0
SP.POP.TOTL,mali,2024,24478595.0
SP.POP.TOTL,mali,2023,23769127.0
SP.POP.TOTL,mali,2022,23072640.0
SP.POP.TOTL,mali,2021,22388630.0
SP.POP.TOTL,mali,2020,21713836.0
SP.POP.TOTL,mali,2019,21068405.0
SP.POP.TOTL,mali,2018,20442030.0
SP.POP.TOTL,mali,2017,19813011.0
SP.POP.TOTL,mali,2016,19191289.0
SP.POP.TOTL,mali,2015,18593022.0
SP.POP.TOTL,mali,2014,18020267.0
SP.POP.TOTL,mali,2013,17459615.0
SP.POP.TOTL,mali,2012,16957033.0
SP.POP.TOTL,mali,2011,16469049.0
SP.POP.TOTL,mali,2010,15945198.0
SP.POP.TOTL,mali,2009,15435539.0
SP.POP.TOTL,mali,2008,14940782.0
SP.POP.TOTL,mali,2007,14457775.0
SP.POP.TOTL,mali,2006,13990139.0
SP.POP.TOTL,mali,2005,13538647.0
SP.POP.TOTL,mali,2004,13102409.0
SP.POP.TOTL,mali,2003,12684955.0
SP.POP.TOTL,mali,2002,12288050.0
SP.POP.TOTL,mali,2001,11912158.0
SP.POP.TOTL,mali,2000,11559290.0
SP.POP.TOTL,niger,2025,27917831.0
SP.POP.TOTL,niger,2024,27032412.0
SP.POP.TOTL,niger,2023,26159867.0
SP.POP.TOTL,niger,2022,25311973.0
SP.POP.TOTL,niger,2021,24502140.0
SP.POP.TOTL,niger,2020,23717613.0
SP.POP.TOTL,niger,2019,22947757.0
SP.POP.TOTL,niger,2018,22188069.0
SP.POP.TOTL,niger,2017,21435446.0
SP.POP.TOTL,niger,2016,20685753.0
SP.POP.TOTL,niger,2015,19939498.0
SP.POP.TOTL,niger,2014,19215909.0
SP.POP.TOTL,niger,2013,18519898.0
SP.POP.TOTL,niger,2012,17836769.0
SP.POP.TOTL,niger,2011,17176283.0
SP.POP.TOTL,niger,2010,16548835.0
SP.POP.TOTL,niger,2009,15943675.0
SP.POP.TOTL,niger,2008,15361915.0
SP.POP.TOTL,niger,2007,14803610.0
SP.POP.TOTL,niger,2006,14268581.0
SP.POP.TOTL,niger,2005,13756192.0
SP.POP.TOTL,niger,2004,13265836.0
SP.POP.TOTL,niger,2003,12796984.0
SP.POP.TOTL,niger,2002,12349144.0
SP.POP.TOTL,niger,2001,11920647.0
SP.POP.TOTL,niger,2000,11509630.0
SP.POP.TOTL,senegal,2025,18931966.0
SP.POP.TOTL,senegal,2024,18501984.0
SP.POP.TOTL,senegal,2023,18077573.0
SP.POP.TOTL,senegal,2022,17651103.0
SP.POP.TOTL,senegal,2021,17220867.0
SP.POP.TOTL,senegal,2020,16789219.0
SP.POP.TOTL,senegal,2019,16352922.0
SP.POP.TOTL,senegal,2018,15914498.0
SP.POP.TOTL,senegal,2017,15475002.0
SP.POP.TOTL,senegal,2016,15034521.0
SP.POP.TOTL,senegal,2015,14593331.0
SP.POP.TOTL,senegal,2014,14152102.0
SP.POP.TOTL,senegal,2013,13710849.0
SP.POP.TOTL,senegal,2012,13310495.0
SP.POP.TOTL,senegal,2011,12958897.0
SP.POP.TOTL,senegal,2010,12635413.0
SP.POP.TOTL,senegal,2009,12337389.0
SP.POP.TOTL,senegal,2008,12048959.0
SP.POP.TOTL,senegal,2007,11770344.0
SP.POP.TOTL,senegal,2006,11500094.0
SP.POP.TOTL,senegal,2005,11235472.0
SP.POP.TOTL,senegal,2004,10975704.0
SP.POP.TOTL,senegal,2003,10721176.0
SP.POP.TOTL,senegal,2002,10466214.0
SP.POP.TOTL,senegal,2001,10212942.0
SP.POP.TOTL,senegal,2000,9968260.0
SP.POP.TOTL,togo,2025,8591626.0
SP.POP.TOTL,togo,2024,8406558.0
SP.POP.TOTL,togo,2023,8223850.0
SP.POP.TOTL,togo,2022,8068616.0
SP.POP.TOTL,togo,2021,7936176.0
SP.POP.TOTL,togo,2020,7788054.0
SP.POP.TOTL,togo,2019,7619925.0
SP.POP.TOTL,togo,2018,7458206.0
SP.POP.TOTL,togo,2017,7324386.0
SP.POP.TOTL,togo,2016,7200884.0
SP.POP.TOTL,togo,2015,7071502.0
SP.POP.TOTL,togo,2014,6937644.0
SP.POP.TOTL,togo,2013,6798848.0
SP.POP.TOTL,togo,2012,6653718.0
SP.POP.TOTL,togo,2011,6500582.0
SP.POP.TOTL,togo,2010,6325788.0
SP.POP.TOTL,togo,2009,6130946.0
SP.POP.TOTL,togo,2008,5936138.0
SP.POP.TOTL,togo,2007,5748443.0
SP.POP.TOTL,togo,2006,5569664.0
SP.POP.TOTL,togo,2005,5413154.0
SP.POP.TOTL,togo,2004,5281320.0
SP.POP.TOTL,togo,2003,5154112.0
SP.POP.TOTL,togo,2002,5027130.0
SP.POP.TOTL,togo,2001,4904144.0
SP.POP.TOTL,togo,2000,4783722.0
SP.URB.TOTL.IN.ZS,benin,2025,53.3620073968188
SP.URB.TOTL.IN.ZS,benin,2024,52.5455354818423
SP.URB.TOTL.IN.ZS,benin,2023,51.7457922964593
SP.URB.TOTL.IN.ZS,benin,2022,50.9627000010887
SP.URB.TOTL.IN.ZS,benin,2021,50.1961807561354
SP.URB.TOTL.IN.ZS,benin,2020,49.4461567219896
SP.URB.TOTL.IN.ZS,benin,2019,48.7125500590248
SP.URB.TOTL.IN.ZS,benin,2018,47.9952829275963
SP.URB.TOTL.IN.ZS,benin,2017,47.2942774880391
SP.URB.TOTL.IN.ZS,benin,2016,46.6094559006664
SP.URB.TOTL.IN.ZS,benin,2015,45.9407403257663
SP.URB.TOTL.IN.ZS,benin,2014,45.2880529235999
SP.URB.TOTL.IN.ZS,benin,2013,44.6502883669319
SP.URB.TOTL.IN.ZS,benin,2012,44.0475065829838
SP.URB.TOTL.IN.ZS,benin,2011,43.4616136137276
SP.URB.TOTL.IN.ZS,benin,2010,42.8916891239353
SP.URB.TOTL.IN.ZS,benin,2009,42.338538285999
SP.URB.TOTL.IN.ZS,benin,2008,41.8029662723105
SP.URB.TOTL.IN.ZS,benin,2007,41.2857782552618
SP.URB.TOTL.IN.ZS,benin,2006,40.7877794072449
SP.URB.TOTL.IN.ZS,benin,2005,40.3097749006517
SP.URB.TOTL.IN.ZS,benin,2004,39.8525699078742
SP.URB.TOTL.IN.ZS,benin,2003,39.4169696013044
SP.URB.TOTL.IN.ZS,benin,2002,39.0035069872981
SP.URB.TOTL.IN.ZS,benin,2001,38.6186257669218
SP.URB.TOTL.IN.ZS,benin,2000,38.2759517258875
SP.URB.TOTL.IN.ZS,burkina,2025,28.9226360719085
SP.URB.TOTL.IN.ZS,burkina,2024,28.3352514896662
SP.URB.TOTL.IN.ZS,burkina,2023,27.7872478365158
SP.URB.TOTL.IN.ZS,burkina,2022,27.2791369742712
SP.URB.TOTL.IN.ZS,burkina,2021,26.8114307743017
SP.URB.TOTL.IN.ZS,burkina,2020,26.3578373628627
SP.URB.TOTL.IN.ZS,burkina,2019,26.1187254401157
SP.URB.TOTL.IN.ZS,burkina,2018,26.0832202154822
SP.URB.TOTL.IN.ZS,burkina,2017,25.9769918665632
SP.URB.TOTL.IN.ZS,burkina,2016,25.821510372001
SP.URB.TOTL.IN.ZS,burkina,2015,25.621432645225
SP.URB.TOTL.IN.ZS,burkina,2014,25.3814155996643
SP.URB.TOTL.IN.ZS,burkina,2013,25.106116148748
SP.URB.TOTL.IN.ZS,burkina,2012,24.8001912059054
SP.URB.TOTL.IN.ZS,burkina,2011,24.4682976845657
SP.URB.TOTL.IN.ZS,burkina,2010,24.115092498158
SP.URB.TOTL.IN.ZS,burkina,2009,23.7452325601116
SP.URB.TOTL.IN.ZS,burkina,2008,23.3633747838557
SP.URB.TOTL.IN.ZS,burkina,2007,22.9741760828193
SP.URB.TOTL.IN.ZS,burkina,2006,22.5528306908743
SP.URB.TOTL.IN.ZS,burkina,2005,22.0179778440204
SP.URB.TOTL.IN.ZS,burkina,2004,21.3392180754924
SP.URB.TOTL.IN.ZS,burkina,2003,20.563327262892
SP.URB.TOTL.IN.ZS,burkina,2002,19.725053583448
SP.URB.TOTL.IN.ZS,burkina,2001,18.8591452143893
SP.URB.TOTL.IN.ZS,burkina,2000,18.0003503329444
SP.URB.TOTL.IN.ZS,cote_ivoire,2025,54.5489501450761
SP.URB.TOTL.IN.ZS,cote_ivoire,2024,53.9733113940142
SP.URB.TOTL.IN.ZS,cote_ivoire,2023,53.4075201638704
SP.URB.TOTL.IN.ZS,cote_ivoire,2022,52.8492549676673
SP.URB.TOTL.IN.ZS,cote_ivoire,2021,52.3183461956059
SP.URB.TOTL.IN.ZS,cote_ivoire,2020,51.8357660823651
SP.URB.TOTL.IN.ZS,cote_ivoire,2019,51.3514799771241
SP.URB.TOTL.IN.ZS,cote_ivoire,2018,50.8718477756395
SP.URB.TOTL.IN.ZS,cote_ivoire,2017,50.3977309654344
SP.URB.TOTL.IN.ZS,cote_ivoire,2016,49.929991034032
SP.URB.TOTL.IN.ZS,cote_ivoire,2015,49.4694894689553
SP.URB.TOTL.IN.ZS,cote_ivoire,2014,49.0173144557368
SP.URB.TOTL.IN.ZS,cote_ivoire,2013,48.5702332186208
SP.URB.TOTL.IN.ZS,cote_ivoire,2012,48.1242507553354
SP.URB.TOTL.IN.ZS,cote_ivoire,2011,47.6797551269623
SP.URB.TOTL.IN.ZS,cote_ivoire,2010,47.2374301523201
SP.URB.TOTL.IN.ZS,cote_ivoire,2009,46.7979596502274
SP.URB.TOTL.IN.ZS,cote_ivoire,2008,46.3620274395029
SP.URB.TOTL.IN.ZS,cote_ivoire,2007,45.930317338965
SP.URB.TOTL.IN.ZS,cote_ivoire,2006,45.5035131674326
SP.URB.TOTL.IN.ZS,cote_ivoire,2005,45.082298743724
SP.URB.TOTL.IN.ZS,cote_ivoire,2004,44.667357886658
SP.URB.TOTL.IN.ZS,cote_ivoire,2003,44.2593744150531
SP.URB.TOTL.IN.ZS,cote_ivoire,2002,43.859032147728
SP.URB.TOTL.IN.ZS,cote_ivoire,2001,43.4670149035012
SP.URB.TOTL.IN.ZS,cote_ivoire,2000,43.0840065011913
SP.URB.TOTL.IN.ZS,guinee_bissau,2025,46.6510315281292
SP.URB.TOTL.IN.ZS,guinee_bissau,2024,46.113204421822
SP.URB.TOTL.IN.ZS,guinee_bissau,2023,45.5923843383789
SP.URB.TOTL.IN.ZS,guinee_bissau,2022,45.1627159118652
SP.URB.TOTL.IN.ZS,guinee_bissau,2021,44.7334136962891
SP.URB.TOTL.IN.ZS,guinee_bissau,2020,44.3038330078125
SP.URB.TOTL.IN.ZS,guinee_bissau,2019,43.8745574951172
SP.URB.TOTL.IN.ZS,guinee_bissau,2018,43.4449081420898
SP.URB.TOTL.IN.ZS,guinee_bissau,2017,43.0155792236328
SP.URB.TOTL.IN.ZS,guinee_bissau,2016,42.586109161377
SP.URB.TOTL.IN.ZS,guinee_bissau,2015,42.1568145751953
SP.URB.TOTL.IN.ZS,guinee_bissau,2014,41.7271995544434
SP.URB.TOTL.IN.ZS,guinee_bissau,2013,41.2976379394531
SP.URB.TOTL.IN.ZS,guinee_bissau,2012,40.8686027526855
SP.URB.TOTL.IN.ZS,guinee_bissau,2011,40.4391136169434
SP.URB.TOTL.IN.ZS,guinee_bissau,2010,40.0095596313477
SP.URB.TOTL.IN.ZS,guinee_bissau,2009,39.6716434222135
SP.URB.TOTL.IN.ZS,guinee_bissau,2008,39.3320535671181
SP.URB.TOTL.IN.ZS,guinee_bissau,2007,39.0030975009025
SP.URB.TOTL.IN.ZS,guinee_bissau,2006,38.6871193165452
SP.URB.TOTL.IN.ZS,guinee_bissau,2005,38.3801443659997
SP.URB.TOTL.IN.ZS,guinee_bissau,2004,38.0781980012196
SP.URB.TOTL.IN.ZS,guinee_bissau,2003,37.7773055741583
SP.URB.TOTL.IN.ZS,guinee_bissau,2002,37.4734924367695
SP.URB.TOTL.IN.ZS,guinee_bissau,2001,37.1627839410066
SP.URB.TOTL.IN.ZS,guinee_bissau,2000,36.8412054388232
SP.URB.TOTL.IN.ZS,mali,2025,32.2127137183989
SP.URB.TOTL.IN.ZS,mali,2024,31.6075621182225
SP.URB.TOTL.IN.ZS,mali,2023,31.0031889023235
SP.URB.TOTL.IN.ZS,mali,2022,30.4015705681899
SP.URB.TOTL.IN.ZS,mali,2021,29.7049638253978
SP.URB.TOTL.IN.ZS,mali,2020,29.0205972994693
SP.URB.TOTL.IN.ZS,mali,2019,28.3520715749509
SP.URB.TOTL.IN.ZS,mali,2018,27.6999185916288
SP.URB.TOTL.IN.ZS,mali,2017,27.0646702892896
SP.URB.TOTL.IN.ZS,mali,2016,26.4468586077195
SP.URB.TOTL.IN.ZS,mali,2015,25.847015486705
SP.URB.TOTL.IN.ZS,mali,2014,25.2656728660325
SP.URB.TOTL.IN.ZS,mali,2013,24.7033626854883
SP.URB.TOTL.IN.ZS,mali,2012,24.1606168848588
SP.URB.TOTL.IN.ZS,mali,2011,23.6379674039304
SP.URB.TOTL.IN.ZS,mali,2010,23.1359461824894
SP.URB.TOTL.IN.ZS,mali,2009,22.6557955217884
SP.URB.TOTL.IN.ZS,mali,2008,22.1922849560871
SP.URB.TOTL.IN.ZS,mali,2007,21.7398043631622
SP.URB.TOTL.IN.ZS,mali,2006,21.2987608960246
SP.URB.TOTL.IN.ZS,mali,2005,20.8706715422205
SP.URB.TOTL.IN.ZS,mali,2004,20.4570532892964
SP.URB.TOTL.IN.ZS,mali,2003,20.0594231247985
SP.URB.TOTL.IN.ZS,mali,2002,19.6792980362731
SP.URB.TOTL.IN.ZS,mali,2001,19.3181950112665
SP.URB.TOTL.IN.ZS,mali,2000,18.977631037325
SP.URB.TOTL.IN.ZS,niger,2025,18.3740697195469
SP.URB.TOTL.IN.ZS,niger,2024,18.0497398450803
SP.URB.TOTL.IN.ZS,niger,2023,17.7506873295237
SP.URB.TOTL.IN.ZS,niger,2022,17.477207007512
SP.URB.TOTL.IN.ZS,niger,2021,17.2295936666686
SP.URB.TOTL.IN.ZS,niger,2020,17.0081420003794
SP.URB.TOTL.IN.ZS,niger,2019,16.813146499685
SP.URB.TOTL.IN.ZS,niger,2018,16.6449011799221
SP.URB.TOTL.IN.ZS,niger,2017,16.5036987906896
SP.URB.TOTL.IN.ZS,niger,2016,16.3898280543236
SP.URB.TOTL.IN.ZS,niger,2015,16.3035606587493
SP.URB.TOTL.IN.ZS,niger,2014,16.2450424611665
SP.URB.TOTL.IN.ZS,niger,2013,16.2162595696064
SP.URB.TOTL.IN.ZS,niger,2012,16.2141284004355
SP.URB.TOTL.IN.ZS,niger,2011,16.2303066053496
SP.URB.TOTL.IN.ZS,niger,2010,16.2416301279116
SP.URB.TOTL.IN.ZS,niger,2009,16.2511180003032
SP.URB.TOTL.IN.ZS,niger,2008,16.2586706998252
SP.URB.TOTL.IN.ZS,niger,2007,16.2641887037781
SP.URB.TOTL.IN.ZS,niger,2006,16.2675724894628
SP.URB.TOTL.IN.ZS,niger,2005,16.2687225341797
SP.URB.TOTL.IN.ZS,niger,2004,16.2687225341797
SP.URB.TOTL.IN.ZS,niger,2003,16.2687225341797
SP.URB.TOTL.IN.ZS,niger,2002,16.2687206268311
SP.URB.TOTL.IN.ZS,niger,2001,16.2687225341797
SP.URB.TOTL.IN.ZS,niger,2000,16.1307678222656
SP.URB.TOTL.IN.ZS,senegal,2025,55.7672494455246
SP.URB.TOTL.IN.ZS,senegal,2024,55.2368169057304
SP.URB.TOTL.IN.ZS,senegal,2023,54.6992276190794
SP.URB.TOTL.IN.ZS,senegal,2022,53.4435061024348
SP.URB.TOTL.IN.ZS,senegal,2021,52.2260292191155
SP.URB.TOTL.IN.ZS,senegal,2020,51.0562950093282
SP.URB.TOTL.IN.ZS,senegal,2019,49.9443321273477
SP.URB.TOTL.IN.ZS,senegal,2018,48.9001692274485
SP.URB.TOTL.IN.ZS,senegal,2017,47.9338349639053
SP.URB.TOTL.IN.ZS,senegal,2016,47.0553579909929
SP.URB.TOTL.IN.ZS,senegal,2015,46.2747669629858
SP.URB.TOTL.IN.ZS,senegal,2014,45.6020905341588
SP.URB.TOTL.IN.ZS,senegal,2013,45.0398750539456
SP.URB.TOTL.IN.ZS,senegal,2012,44.5359772452989
SP.URB.TOTL.IN.ZS,senegal,2011,44.0689668509475
SP.URB.TOTL.IN.ZS,senegal,2010,43.6371785059692
SP.URB.TOTL.IN.ZS,senegal,2009,43.23773199459
SP.URB.TOTL.IN.ZS,senegal,2008,42.867747101036
SP.URB.TOTL.IN.ZS,senegal,2007,42.524343609533
SP.URB.TOTL.IN.ZS,senegal,2006,42.2046413043069
SP.URB.TOTL.IN.ZS,senegal,2005,41.9057599695838
SP.URB.TOTL.IN.ZS,senegal,2004,41.6248193895895
SP.URB.TOTL.IN.ZS,senegal,2003,41.35893934855
SP.URB.TOTL.IN.ZS,senegal,2002,41.1081471561292
SP.URB.TOTL.IN.ZS,senegal,2001,40.8763420163126
SP.URB.TOTL.IN.ZS,senegal,2000,40.6667555531967
SP.URB.TOTL.IN.ZS,togo,2025,44.3949892074399
SP.URB.TOTL.IN.ZS,togo,2024,43.8148491605996
SP.URB.TOTL.IN.ZS,togo,2023,43.2496853032436
SP.URB.TOTL.IN.ZS,togo,2022,42.7332327975627
SP.URB.TOTL.IN.ZS,togo,2021,42.3105904515122
SP.URB.TOTL.IN.ZS,togo,2020,41.8781527268075
SP.URB.TOTL.IN.ZS,togo,2019,41.445731197295
SP.URB.TOTL.IN.ZS,togo,2018,41.013328267781
SP.URB.TOTL.IN.ZS,togo,2017,40.5809463430719
SP.URB.TOTL.IN.ZS,togo,2016,40.1485878279739
SP.URB.TOTL.IN.ZS,togo,2015,39.7162551272934
SP.URB.TOTL.IN.ZS,togo,2014,39.2839506458368
SP.URB.TOTL.IN.ZS,togo,2013,38.8516767884103
SP.URB.TOTL.IN.ZS,togo,2012,38.4194359598204
SP.URB.TOTL.IN.ZS,togo,2011,37.9872305648732
SP.URB.TOTL.IN.ZS,togo,2010,37.5545882975638
SP.URB.TOTL.IN.ZS,togo,2009,37.1195037247939
SP.URB.TOTL.IN.ZS,togo,2008,36.6808327233827
SP.URB.TOTL.IN.ZS,togo,2007,36.2392154091353
SP.URB.TOTL.IN.ZS,togo,2006,35.795057579151
SP.URB.TOTL.IN.ZS,togo,2005,35.3487650305291
SP.URB.TOTL.IN.ZS,togo,2004,34.9007435603688
SP.URB.TOTL.IN.ZS,togo,2003,34.4513989657696
SP.URB.TOTL.IN.ZS,togo,2002,34.0011370438307
SP.URB.TOTL.IN.ZS,togo,2001,33.5503635916513
SP.URB.TOTL.IN.ZS,togo,2000,33.0994844063309
NY.GDP.PCAP.CD,benin,2025,1658.27312662991
NY.GDP.PCAP.CD,benin,2024,1485.38018885134
NY.GDP.PCAP.CD,benin,2023,1394.17784721831
NY.GDP.PCAP.CD,benin,2022,1266.42711031904
NY.GDP.PCAP.CD,benin,2021,1318.65158075198
NY.GDP.PCAP.CD,benin,2020,1200.19426557789
NY.GDP.PCAP.CD,benin,2019,1130.82135339795
NY.GDP.PCAP.CD,benin,2018,1151.7409703472
NY.GDP.PCAP.CD,benin,2017,1054.97408066814
NY.GDP.PCAP.CD,benin,2016,1010.5338961993
NY.GDP.PCAP.CD,benin,2015,1002.41886879614
NY.GDP.PCAP.CD,benin,2014,1204.39918670094
NY.GDP.PCAP.CD,benin,2013,1168.92699279226
NY.GDP.PCAP.CD,benin,2012,1071.5258366283
NY.GDP.PCAP.CD,benin,2011,1059.41358852588
NY.GDP.PCAP.CD,benin,2010,973.244254931526
NY.GDP.PCAP.CD,benin,2009,1024.10277858112
NY.GDP.PCAP.CD,benin,2008,1060.60254502099
NY.GDP.PCAP.CD,benin,2007,912.338247188342
NY.GDP.PCAP.CD,benin,2006,809.147072506221
NY.GDP.PCAP.CD,benin,2005,779.437777753268
NY.GDP.PCAP.CD,benin,2004,758.695803786371
NY.GDP.PCAP.CD,benin,2003,676.002878084282
NY.GDP.PCAP.CD,benin,2002,546.463829658159
NY.GDP.PCAP.CD,benin,2001,492.401499509072
NY.GDP.PCAP.CD,benin,2000,487.424141384242
NY.GDP.PCAP.CD,burkina,2025,1147.57131635601
NY.GDP.PCAP.CD,burkina,2024,982.493100418428
NY.GDP.PCAP.CD,burkina,2023,873.198061670247
NY.GDP.PCAP.CD,burkina,2022,827.330843486661
NY.GDP.PCAP.CD,burkina,2021,895.535288442991
NY.GDP.PCAP.CD,burkina,2020,825.237038782475
NY.GDP.PCAP.CD,burkina,2019,764.853077774946
NY.GDP.PCAP.CD,burkina,2018,777.465618514048
NY.GDP.PCAP.CD,burkina,2017,709.091535894695
NY.GDP.PCAP.CD,burkina,2016,663.742364842886
NY.GDP.PCAP.CD,burkina,2015,630.124750752312
NY.GDP.PCAP.CD,burkina,2014,764.861675106225
NY.GDP.PCAP.CD,burkina,2013,759.762065168498
NY.GDP.PCAP.CD,burkina,2012,731.470138867833
NY.GDP.PCAP.CD,burkina,2011,725.024767725475
NY.GDP.PCAP.CD,burkina,2010,624.957252224766
NY.GDP.PCAP.CD,burkina,2009,601.569520671859
NY.GDP.PCAP.CD,burkina,2008,619.437533256264
NY.GDP.PCAP.CD,burkina,2007,514.684451177238
NY.GDP.PCAP.CD,burkina,2006,455.513655620024
NY.GDP.PCAP.CD,burkina,2005,441.164148016012
NY.GDP.PCAP.CD,burkina,2004,403.81283743461
NY.GDP.PCAP.CD,burkina,2003,362.373899996953
NY.GDP.PCAP.CD,burkina,2002,285.654087637533
NY.GDP.PCAP.CD,burkina,2001,259.485223380436
NY.GDP.PCAP.CD,burkina,2000,248.908526921752
NY.GDP.PCAP.CD,cote_ivoire,2025,3050.10202257321
NY.GDP.PCAP.CD,cote_ivoire,2024,2727.8935220697
NY.GDP.PCAP.CD,cote_ivoire,2023,2591.9659048119
NY.GDP.PCAP.CD,cote_ivoire,2022,2333.37128301259
NY.GDP.PCAP.CD,cote_ivoire,2021,2455.98127641148
NY.GDP.PCAP.CD,cote_ivoire,2020,2179.72934832935
NY.GDP.PCAP.CD,cote_ivoire,2019,2141.76836170115
NY.GDP.PCAP.CD,cote_ivoire,2018,2130.86619381144
NY.GDP.PCAP.CD,cote_ivoire,2017,1964.29930338343
NY.GDP.PCAP.CD,cote_ivoire,2016,1862.59597081287
NY.GDP.PCAP.CD,cote_ivoire,2015,1814.71855088017
NY.GDP.PCAP.CD,cote_ivoire,2014,1991.36539423404
NY.GDP.PCAP.CD,cote_ivoire,2013,1786.15862031324
NY.GDP.PCAP.CD,cote_ivoire,2012,1546.9460184731
NY.GDP.PCAP.CD,cote_ivoire,2011,1596.62826565998
NY.GDP.PCAP.CD,cote_ivoire,2010,1553.54887048143
NY.GDP.PCAP.CD,cote_ivoire,2009,1540.45393569596
NY.GDP.PCAP.CD,cote_ivoire,2008,1583.97066701372
NY.GDP.PCAP.CD,cote_ivoire,2007,1367.53817722326
NY.GDP.PCAP.CD,cote_ivoire,2006,1230.43056838584
NY.GDP.PCAP.CD,cote_ivoire,2005,1197.74616979415
NY.GDP.PCAP.CD,cote_ivoire,2004,1199.82524528546
NY.GDP.PCAP.CD,cote_ivoire,2003,1111.17135087887
NY.GDP.PCAP.CD,cote_ivoire,2002,967.815864415991
NY.GDP.PCAP.CD,cote_ivoire,2001,924.727294962066
NY.GDP.PCAP.CD,cote_ivoire,2000,936.636541348798
NY.GDP.PCAP.CD,guinee_bissau,2025,1123.76679992349
NY.GDP.PCAP.CD,guinee_bissau,2024,998.376093392688
NY.GDP.PCAP.CD,guinee_bissau,2023,964.431832665395
NY.GDP.PCAP.CD,guinee_bissau,2022,881.602654162231
NY.GDP.PCAP.CD,guinee_bissau,2021,926.54619187706
NY.GDP.PCAP.CD,guinee_bissau,2020,846.918134967613
NY.GDP.PCAP.CD,guinee_bissau,2019,811.210004050041
NY.GDP.PCAP.CD,guinee_bissau,2018,808.531613218504
NY.GDP.PCAP.CD,guinee_bissau,2017,783.123186602022
NY.GDP.PCAP.CD,guinee_bissau,2016,679.665386626818
NY.GDP.PCAP.CD,guinee_bissau,2015,645.066837207039
NY.GDP.PCAP.CD,guinee_bissau,2014,652.022501029449
NY.GDP.PCAP.CD,guinee_bissau,2013,654.304534409417
NY.GDP.PCAP.CD,guinee_bissau,2012,635.461653303881
NY.GDP.PCAP.CD,guinee_bissau,2011,719.539573498937
NY.GDP.PCAP.CD,guinee_bissau,2010,600.194298540768
NY.GDP.PCAP.CD,guinee_bissau,2009,583.190020139094
NY.GDP.PCAP.CD,guinee_bissau,2008,640.210331101753
NY.GDP.PCAP.CD,guinee_bissau,2007,519.069789794741
NY.GDP.PCAP.CD,guinee_bissau,2006,448.513075469701
NY.GDP.PCAP.CD,guinee_bissau,2005,463.073962650452
NY.GDP.PCAP.CD,guinee_bissau,2004,431.376557669634
NY.GDP.PCAP.CD,guinee_bissau,2003,419.78486611807
NY.GDP.PCAP.CD,guinee_bissau,2002,362.034574570354
NY.GDP.PCAP.CD,guinee_bissau,2001,327.138431972397
NY.GDP.PCAP.CD,guinee_bissau,2000,316.945495037639
NY.GDP.PCAP.CD,mali,2025,1193.27601004701
NY.GDP.PCAP.CD,mali,2024,1093.2523323649
NY.GDP.PCAP.CD,mali,2023,1042.44223444837
NY.GDP.PCAP.CD,mali,2022,976.914116406452
NY.GDP.PCAP.CD,mali,2021,1027.27345365357
NY.GDP.PCAP.CD,mali,2020,953.242943290974
NY.GDP.PCAP.CD,mali,2019,971.949318638092
NY.GDP.PCAP.CD,mali,2018,996.379292136901
NY.GDP.PCAP.CD,mali,2017,924.057531692284
NY.GDP.PCAP.CD,mali,2016,872.468587171653
NY.GDP.PCAP.CD,mali,2015,838.11986940103
NY.GDP.PCAP.CD,mali,2014,947.915033293219
NY.GDP.PCAP.CD,mali,2013,901.920957649814
NY.GDP.PCAP.CD,mali,2012,872.506092463946
NY.GDP.PCAP.CD,mali,2011,938.292902579598
NY.GDP.PCAP.CD,mali,2010,797.151541141189
NY.GDP.PCAP.CD,mali,2009,787.48256428259
NY.GDP.PCAP.CD,mali,2008,767.194838946144
NY.GDP.PCAP.CD,mali,2007,670.853394978069
NY.GDP.PCAP.CD,mali,2006,586.985415512593
NY.GDP.PCAP.CD,mali,2005,548.730382848879
NY.GDP.PCAP.CD,mali,2004,495.006294675661
NY.GDP.PCAP.CD,mali,2003,441.910358475171
NY.GDP.PCAP.CD,mali,2002,378.191678628068
NY.GDP.PCAP.CD,mali,2001,346.224554248587
NY.GDP.PCAP.CD,mali,2000,304.652870189314
NY.GDP.PCAP.CD,niger,2025,775.353622143879
NY.GDP.PCAP.CD,niger,2024,729.856664168989
NY.GDP.PCAP.CD,niger,2023,647.930108509567
NY.GDP.PCAP.CD,niger,2022,613.614736429298
NY.GDP.PCAP.CD,niger,2021,609.585703670137
NY.GDP.PCAP.CD,niger,2020,575.451340306915
NY.GDP.PCAP.CD,niger,2019,541.265819870273
NY.GDP.PCAP.CD,niger,2018,576.927536415462
NY.GDP.PCAP.CD,niger,2017,529.929418934868
NY.GDP.PCAP.CD,niger,2016,499.910520068193
NY.GDP.PCAP.CD,niger,2015,485.662574175279
NY.GDP.PCAP.CD,niger,2014,565.30989731175
NY.GDP.PCAP.CD,niger,2013,552.103334363117
NY.GDP.PCAP.CD,niger,2012,528.510104469655
NY.GDP.PCAP.CD,niger,2011,510.75956176268
NY.GDP.PCAP.CD,niger,2010,474.425692340831
NY.GDP.PCAP.CD,niger,2009,461.131533961487
NY.GDP.PCAP.CD,niger,2008,475.044955398162
NY.GDP.PCAP.CD,niger,2007,387.168065883301
NY.GDP.PCAP.CD,niger,2006,333.345078419447
NY.GDP.PCAP.CD,niger,2005,318.643121918273
NY.GDP.PCAP.CD,niger,2004,283.468281798296
NY.GDP.PCAP.CD,niger,2003,265.225363452469
NY.GDP.PCAP.CD,niger,2002,225.294391147438
NY.GDP.PCAP.CD,niger,2001,205.417936120931
NY.GDP.PCAP.CD,niger,2000,194.771959898935
NY.GDP.PCAP.CD,senegal,2025,1954.71174194867
NY.GDP.PCAP.CD,senegal,2024,1738.73223822106
NY.GDP.PCAP.CD,senegal,2023,1698.03387300843
NY.GDP.PCAP.CD,senegal,2022,1574.0281059306
NY.GDP.PCAP.CD,senegal,2021,1598.10676952274
NY.GDP.PCAP.CD,senegal,2020,1461.08720350553
NY.GDP.PCAP.CD,senegal,2019,1431.18128932159
NY.GDP.PCAP.CD,senegal,2018,1452.55612562445
NY.GDP.PCAP.CD,senegal,2017,1354.77007193387
NY.GDP.PCAP.CD,senegal,2016,1266.43957151587
NY.GDP.PCAP.CD,senegal,2015,1218.00613555438
NY.GDP.PCAP.CD,senegal,2014,1398.89137601382
NY.GDP.PCAP.CD,senegal,2013,1379.83196553924
NY.GDP.PCAP.CD,senegal,2012,1326.83798848379
NY.GDP.PCAP.CD,senegal,2011,1374.67591873844
NY.GDP.PCAP.CD,senegal,2010,1275.88357492357
NY.GDP.PCAP.CD,senegal,2009,1308.69404336205
NY.GDP.PCAP.CD,senegal,2008,1398.79218010021
NY.GDP.PCAP.CD,senegal,2007,1188.93877808175
NY.GDP.PCAP.CD,senegal,2006,1017.20196747987
NY.GDP.PCAP.CD,senegal,2005,979.846101520171
NY.GDP.PCAP.CD,senegal,2004,918.102079522155
NY.GDP.PCAP.CD,senegal,2003,817.888034221442
NY.GDP.PCAP.CD,senegal,2002,669.430447319209
NY.GDP.PCAP.CD,senegal,2001,637.213530563724
NY.GDP.PCAP.CD,senegal,2000,603.233162455158
NY.GDP.PCAP.CD,togo,2025,1383.89974929887
NY.GDP.PCAP.CD,togo,2024,1266.08777721447
NY.GDP.PCAP.CD,togo,2023,1182.32951436696
NY.GDP.PCAP.CD,togo,2022,1071.61539220759
NY.GDP.PCAP.CD,togo,2021,1076.29520076949
NY.GDP.PCAP.CD,togo,2020,961.219781201934
NY.GDP.PCAP.CD,togo,2019,917.718016777619
NY.GDP.PCAP.CD,togo,2018,942.480774393154
NY.GDP.PCAP.CD,togo,2017,872.076408845752
NY.GDP.PCAP.CD,togo,2016,843.114204338675
NY.GDP.PCAP.CD,togo,2015,813.894676975085
NY.GDP.PCAP.CD,togo,2014,921.539748631461
NY.GDP.PCAP.CD,togo,2013,885.698522723929
NY.GDP.PCAP.CD,togo,2012,813.611525037432
NY.GDP.PCAP.CD,togo,2011,834.14671980279
NY.GDP.PCAP.CD,togo,2010,750.323421086121
NY.GDP.PCAP.CD,togo,2009,770.172869777254
NY.GDP.PCAP.CD,togo,2008,771.351190404751
NY.GDP.PCAP.CD,togo,2007,654.083697666439
NY.GDP.PCAP.CD,togo,2006,596.249203137762
NY.GDP.PCAP.CD,togo,2005,595.200212014134
NY.GDP.PCAP.CD,togo,2004,604.311329116751
NY.GDP.PCAP.CD,togo,2003,579.728195854724
NY.GDP.PCAP.CD,togo,2002,479.438373869587
NY.GDP.PCAP.CD,togo,2001,426.883605884489
NY.GDP.PCAP.CD,togo,2000,440.420399069497
SP.DYN.LE00.IN,benin,2024,60.961
SP.DYN.LE00.IN,benin,2023,60.774
SP.DYN.LE00.IN,benin,2022,60.475
SP.DYN.LE00.IN,benin,2021,59.61
SP.DYN.LE00.IN,benin,2020,60.154
SP.DYN.LE00.IN,benin,2019,59.888
SP.DYN.LE00.IN,benin,2018,59.71
SP.DYN.LE00.IN,benin,2017,59.528
SP.DYN.LE00.IN,benin,2016,59.283
SP.DYN.LE00.IN,benin,2015,59.123
SP.DYN.LE00.IN,benin,2014,59.008
SP.DYN.LE00.IN,benin,2013,58.863
SP.DYN.LE00.IN,benin,2012,58.559
SP.DYN.LE00.IN,benin,2011,58.462
SP.DYN.LE00.IN,benin,2010,58.387
SP.DYN.LE00.IN,benin,2009,58.258
SP.DYN.LE00.IN,benin,2008,58.099
SP.DYN.LE00.IN,benin,2007,58.249
SP.DYN.LE00.IN,benin,2006,57.966
SP.DYN.LE00.IN,benin,2005,57.738
SP.DYN.LE00.IN,benin,2004,57.346
SP.DYN.LE00.IN,benin,2003,57.092
SP.DYN.LE00.IN,benin,2002,56.851
SP.DYN.LE00.IN,benin,2001,56.654
SP.DYN.LE00.IN,benin,2000,56.594
SP.DYN.LE00.IN,burkina,2024,61.292
SP.DYN.LE00.IN,burkina,2023,61.092
SP.DYN.LE00.IN,burkina,2022,60.7
SP.DYN.LE00.IN,burkina,2021,60.046
SP.DYN.LE00.IN,burkina,2020,60.454
SP.DYN.LE00.IN,burkina,2019,60.184
SP.DYN.LE00.IN,burkina,2018,59.972
SP.DYN.LE00.IN,burkina,2017,59.578
SP.DYN.LE00.IN,burkina,2016,59.173
SP.DYN.LE00.IN,burkina,2015,58.778
SP.DYN.LE00.IN,burkina,2014,58.331
SP.DYN.LE00.IN,burkina,2013,57.903
SP.DYN.LE00.IN,burkina,2012,57.457
SP.DYN.LE00.IN,burkina,2011,57.001
SP.DYN.LE00.IN,burkina,2010,56.343
SP.DYN.LE00.IN,burkina,2009,55.791
SP.DYN.LE00.IN,burkina,2008,55.199
SP.DYN.LE00.IN,burkina,2007,54.377
SP.DYN.LE00.IN,burkina,2006,53.784
SP.DYN.LE00.IN,burkina,2005,53.271
SP.DYN.LE00.IN,burkina,2004,52.6
SP.DYN.LE00.IN,burkina,2003,51.959
SP.DYN.LE00.IN,burkina,2002,51.447
SP.DYN.LE00.IN,burkina,2001,51.188
SP.DYN.LE00.IN,burkina,2000,50.808
SP.DYN.LE00.IN,cote_ivoire,2024,62.11
SP.DYN.LE00.IN,cote_ivoire,2023,61.944
SP.DYN.LE00.IN,cote_ivoire,2022,61.562
SP.DYN.LE00.IN,cote_ivoire,2021,60.29
SP.DYN.LE00.IN,cote_ivoire,2020,60.14
SP.DYN.LE00.IN,cote_ivoire,2019,60.274
SP.DYN.LE00.IN,cote_ivoire,2018,59.795
SP.DYN.LE00.IN,cote_ivoire,2017,59.315
SP.DYN.LE00.IN,cote_ivoire,2016,58.814
SP.DYN.LE00.IN,cote_ivoire,2015,58.281
SP.DYN.LE00.IN,cote_ivoire,2014,57.772
SP.DYN.LE00.IN,cote_ivoire,2013,57.057
SP.DYN.LE00.IN,cote_ivoire,2012,56.57
SP.DYN.LE00.IN,cote_ivoire,2011,55.972
SP.DYN.LE00.IN,cote_ivoire,2010,55.282
SP.DYN.LE00.IN,cote_ivoire,2009,54.744
SP.DYN.LE00.IN,cote_ivoire,2008,54.179
SP.DYN.LE00.IN,cote_ivoire,2007,53.452
SP.DYN.LE00.IN,cote_ivoire,2006,52.885
SP.DYN.LE00.IN,cote_ivoire,2005,52.432
SP.DYN.LE00.IN,cote_ivoire,2004,51.939
SP.DYN.LE00.IN,cote_ivoire,2003,51.443
SP.DYN.LE00.IN,cote_ivoire,2002,51.544
SP.DYN.LE00.IN,cote_ivoire,2001,51.428
SP.DYN.LE00.IN,cote_ivoire,2000,51.393
SP.DYN.LE00.IN,guinee_bissau,2024,64.254
SP.DYN.LE00.IN,guinee_bissau,2023,64.085
SP.DYN.LE00.IN,guinee_bissau,2022,63.605
SP.DYN.LE00.IN,guinee_bissau,2021,61.653
SP.DYN.LE00.IN,guinee_bissau,2020,61.343
SP.DYN.LE00.IN,guinee_bissau,2019,62.161
SP.DYN.LE00.IN,guinee_bissau,2018,61.652
SP.DYN.LE00.IN,guinee_bissau,2017,61.148
SP.DYN.LE00.IN,guinee_bissau,2016,60.619
SP.DYN.LE00.IN,guinee_bissau,2015,60.071
SP.DYN.LE00.IN,guinee_bissau,2014,59.476
SP.DYN.LE00.IN,guinee_bissau,2013,58.879
SP.DYN.LE00.IN,guinee_bissau,2012,58.27
SP.DYN.LE00.IN,guinee_bissau,2011,57.663
SP.DYN.LE00.IN,guinee_bissau,2010,56.999
SP.DYN.LE00.IN,guinee_bissau,2009,56.297
SP.DYN.LE00.IN,guinee_bissau,2008,55.3
SP.DYN.LE00.IN,guinee_bissau,2007,54.87
SP.DYN.LE00.IN,guinee_bissau,2006,54.089
SP.DYN.LE00.IN,guinee_bissau,2005,52.949
SP.DYN.LE00.IN,guinee_bissau,2004,52.8
SP.DYN.LE00.IN,guinee_bissau,2003,52.186
SP.DYN.LE00.IN,guinee_bissau,2002,51.608
SP.DYN.LE00.IN,guinee_bissau,2001,51.054
SP.DYN.LE00.IN,guinee_bissau,2000,50.565
SP.DYN.LE00.IN,mali,2024,60.675
SP.DYN.LE00.IN,mali,2023,60.439
SP.DYN.LE00.IN,mali,2022,60.035
SP.DYN.LE00.IN,mali,2021,59.116
SP.DYN.LE00.IN,mali,2020,58.858
SP.DYN.LE00.IN,mali,2019,59.217
SP.DYN.LE00.IN,mali,2018,58.873
SP.DYN.LE00.IN,mali,2017,58.562
SP.DYN.LE00.IN,mali,2016,58.286
SP.DYN.LE00.IN,mali,2015,57.852
SP.DYN.LE00.IN,mali,2014,57.482
SP.DYN.LE00.IN,mali,2013,57.052
SP.DYN.LE00.IN,mali,2012,56.696
SP.DYN.LE00.IN,mali,2011,56.367
SP.DYN.LE00.IN,mali,2010,55.993
SP.DYN.LE00.IN,mali,2009,55.588
SP.DYN.LE00.IN,mali,2008,55.187
SP.DYN.LE00.IN,mali,2007,54.756
SP.DYN.LE00.IN,mali,2006,54.305
SP.DYN.LE00.IN,mali,2005,53.792
SP.DYN.LE00.IN,mali,2004,53.253
SP.DYN.LE00.IN,mali,2003,52.632
SP.DYN.LE00.IN,mali,2002,51.995
SP.DYN.LE00.IN,mali,2001,51.3
SP.DYN.LE00.IN,mali,2000,50.605
SP.DYN.LE00.IN,niger,2024,61.433
SP.DYN.LE00.IN,niger,2023,61.183
SP.DYN.LE00.IN,niger,2022,60.398
SP.DYN.LE00.IN,niger,2021,59.542
SP.DYN.LE00.IN,niger,2020,59.89
SP.DYN.LE00.IN,niger,2019,60.031
SP.DYN.LE00.IN,niger,2018,59.765
SP.DYN.LE00.IN,niger,2017,59.524
SP.DYN.LE00.IN,niger,2016,59.228
SP.DYN.LE00.IN,niger,2015,58.85
SP.DYN.LE00.IN,niger,2014,58.693
SP.DYN.LE00.IN,niger,2013,58.364
SP.DYN.LE00.IN,niger,2012,57.987
SP.DYN.LE00.IN,niger,2011,57.6
SP.DYN.LE00.IN,niger,2010,57.08
SP.DYN.LE00.IN,niger,2009,56.487
SP.DYN.LE00.IN,niger,2008,55.852
SP.DYN.LE00.IN,niger,2007,55.063
SP.DYN.LE00.IN,niger,2006,54.223
SP.DYN.LE00.IN,niger,2005,53.32
SP.DYN.LE00.IN,niger,2004,52.402
SP.DYN.LE00.IN,niger,2003,51.545
SP.DYN.LE00.IN,niger,2002,50.645
SP.DYN.LE00.IN,niger,2001,49.872
SP.DYN.LE00.IN,niger,2000,49.172
SP.DYN.LE00.IN,senegal,2024,68.924
SP.DYN.LE00.IN,senegal,2023,68.683
SP.DYN.LE00.IN,senegal,2022,67.788
SP.DYN.LE00.IN,senegal,2021,66.868
SP.DYN.LE00.IN,senegal,2020,67.496
SP.DYN.LE00.IN,senegal,2019,67.668
SP.DYN.LE00.IN,senegal,2018,67.379
SP.DYN.LE00.IN,senegal,2017,67.059
SP.DYN.LE00.IN,senegal,2016,66.724
SP.DYN.LE00.IN,senegal,2015,66.451
SP.DYN.LE00.IN,senegal,2014,66.001
SP.DYN.LE00.IN,senegal,2013,65.638
SP.DYN.LE00.IN,senegal,2012,65.229
SP.DYN.LE00.IN,senegal,2011,64.799
SP.DYN.LE00.IN,senegal,2010,64.221
SP.DYN.LE00.IN,senegal,2009,63.751
SP.DYN.LE00.IN,senegal,2008,63.201
SP.DYN.LE00.IN,senegal,2007,62.653
SP.DYN.LE00.IN,senegal,2006,61.801
SP.DYN.LE00.IN,senegal,2005,60.98
SP.DYN.LE00.IN,senegal,2004,60.308
SP.DYN.LE00.IN,senegal,2003,59.474
SP.DYN.LE00.IN,senegal,2002,58.912
SP.DYN.LE00.IN,senegal,2001,58.158
SP.DYN.LE00.IN,senegal,2000,57.615
SP.DYN.LE00.IN,togo,2024,62.935
SP.DYN.LE00.IN,togo,2023,62.74
SP.DYN.LE00.IN,togo,2022,62.292
SP.DYN.LE00.IN,togo,2021,61.337
SP.DYN.LE00.IN,togo,2020,61.14
SP.DYN.LE00.IN,togo,2019,61.061
SP.DYN.LE00.IN,togo,2018,60.608
SP.DYN.LE00.IN,togo,2017,60.145
SP.DYN.LE00.IN,togo,2016,59.677
SP.DYN.LE00.IN,togo,2015,59.23
SP.DYN.LE00.IN,togo,2014,58.776
SP.DYN.LE00.IN,togo,2013,58.356
SP.DYN.LE00.IN,togo,2012,57.953
SP.DYN.LE00.IN,togo,2011,57.624
SP.DYN.LE00.IN,togo,2010,57.24
SP.DYN.LE00.IN,togo,2009,56.94
SP.DYN.LE00.IN,togo,2008,56.663
SP.DYN.LE00.IN,togo,2007,56.395
SP.DYN.LE00.IN,togo,2006,56.154
SP.DYN.LE00.IN,togo,2005,55.931
SP.DYN.LE00.IN,togo,2004,55.608
SP.DYN.LE00.IN,togo,2003,55.312
SP.DYN.LE00.IN,togo,2002,55.044
SP.DYN.LE00.IN,togo,2001,54.757
SP.DYN.LE00.IN,togo,2000,54.587
SH.DYN.MORT,benin,2024,74.7
SH.DYN.MORT,benin,2023,77.2
SH.DYN.MORT,benin,2022,79.6
SH.DYN.MORT,benin,2021,82.2
SH.DYN.MORT,benin,2020,84.6
SH.DYN.MORT,benin,2019,87.0
SH.DYN.MORT,benin,2018,89.4
SH.DYN.MORT,benin,2017,91.8
SH.DYN.MORT,benin,2016,94.0
SH.DYN.MORT,benin,2015,96.1
SH.DYN.MORT,benin,2014,98.4
SH.DYN.MORT,benin,2013,100.6
SH.DYN.MORT,benin,2012,102.9
SH.DYN.MORT,benin,2011,105.1
SH.DYN.MORT,benin,2010,107.4
SH.DYN.MORT,benin,2009,109.7
SH.DYN.MORT,benin,2008,112.0
SH.DYN.MORT,benin,2007,114.4
SH.DYN.MORT,benin,2006,117.0
SH.DYN.MORT,benin,2005,119.7
SH.DYN.MORT,benin,2004,122.5
SH.DYN.MORT,benin,2003,125.4
SH.DYN.MORT,benin,2002,128.5
SH.DYN.MORT,benin,2001,131.7
SH.DYN.MORT,benin,2000,135.0
SH.DYN.MORT,burkina,2024,74.9
SH.DYN.MORT,burkina,2023,77.4
SH.DYN.MORT,burkina,2022,79.8
SH.DYN.MORT,burkina,2021,82.4
SH.DYN.MORT,burkina,2020,85.1
SH.DYN.MORT,burkina,2019,88.1
SH.DYN.MORT,burkina,2018,91.0
SH.DYN.MORT,burkina,2017,94.1
SH.DYN.MORT,burkina,2016,97.4
SH.DYN.MORT,burkina,2015,100.8
SH.DYN.MORT,burkina,2014,104.3
SH.DYN.MORT,burkina,2013,108.2
SH.DYN.MORT,burkina,2012,112.3
SH.DYN.MORT,burkina,2011,116.6
SH.DYN.MORT,burkina,2010,121.3
SH.DYN.MORT,burkina,2009,126.5
SH.DYN.MORT,burkina,2008,132.1
SH.DYN.MORT,burkina,2007,138.1
SH.DYN.MORT,burkina,2006,144.4
SH.DYN.MORT,burkina,2005,150.8
SH.DYN.MORT,burkina,2004,156.8
SH.DYN.MORT,burkina,2003,162.3
SH.DYN.MORT,burkina,2002,167.3
SH.DYN.MORT,burkina,2001,171.9
SH.DYN.MORT,burkina,2000,176.0
SH.DYN.MORT,cote_ivoire,2024,64.5
SH.DYN.MORT,cote_ivoire,2023,66.5
SH.DYN.MORT,cote_ivoire,2022,68.7
SH.DYN.MORT,cote_ivoire,2021,70.8
SH.DYN.MORT,cote_ivoire,2020,73.0
SH.DYN.MORT,cote_ivoire,2019,75.3
SH.DYN.MORT,cote_ivoire,2018,77.9
SH.DYN.MORT,cote_ivoire,2017,80.5
SH.DYN.MORT,cote_ivoire,2016,83.0
SH.DYN.MORT,cote_ivoire,2015,85.5
SH.DYN.MORT,cote_ivoire,2014,88.6
SH.DYN.MORT,cote_ivoire,2013,92.0
SH.DYN.MORT,cote_ivoire,2012,95.3
SH.DYN.MORT,cote_ivoire,2011,98.4
SH.DYN.MORT,cote_ivoire,2010,101.6
SH.DYN.MORT,cote_ivoire,2009,105.2
SH.DYN.MORT,cote_ivoire,2008,109.0
SH.DYN.MORT,cote_ivoire,2007,113.5
SH.DYN.MORT,cote_ivoire,2006,117.4
SH.DYN.MORT,cote_ivoire,2005,121.2
SH.DYN.MORT,cote_ivoire,2004,125.3
SH.DYN.MORT,cote_ivoire,2003,129.2
SH.DYN.MORT,cote_ivoire,2002,133.1
SH.DYN.MORT,cote_ivoire,2001,136.9
SH.DYN.MORT,cote_ivoire,2000,140.4
SH.DYN.MORT,guinee_bissau,2024,67.3
SH.DYN.MORT,guinee_bissau,2023,69.7
SH.DYN.MORT,guinee_bissau,2022,72.0
SH.DYN.MORT,guinee_bissau,2021,74.3
SH.DYN.MORT,guinee_bissau,2020,76.7
SH.DYN.MORT,guinee_bissau,2019,79.5
SH.DYN.MORT,guinee_bissau,2018,82.2
SH.DYN.MORT,guinee_bissau,2017,85.1
SH.DYN.MORT,guinee_bissau,2016,88.2
SH.DYN.MORT,guinee_bissau,2015,91.6
SH.DYN.MORT,guinee_bissau,2014,95.2
SH.DYN.MORT,guinee_bissau,2013,99.1
SH.DYN.MORT,guinee_bissau,2012,103.6
SH.DYN.MORT,guinee_bissau,2011,108.6
SH.DYN.MORT,guinee_bissau,2010,114.3
SH.DYN.MORT,guinee_bissau,2009,120.2
SH.DYN.MORT,guinee_bissau,2008,126.5
SH.DYN.MORT,guinee_bissau,2007,132.8
SH.DYN.MORT,guinee_bissau,2006,139.1
SH.DYN.MORT,guinee_bissau,2005,145.3
SH.DYN.MORT,guinee_bissau,2004,151.6
SH.DYN.MORT,guinee_bissau,2003,157.7
SH.DYN.MORT,guinee_bissau,2002,163.6
SH.DYN.MORT,guinee_bissau,2001,169.3
SH.DYN.MORT,guinee_bissau,2000,174.8
SH.DYN.MORT,mali,2024,73.0
SH.DYN.MORT,mali,2023,76.2
SH.DYN.MORT,mali,2022,79.7
SH.DYN.MORT,mali,2021,83.6
SH.DYN.MORT,mali,2020,87.6
SH.DYN.MORT,mali,2019,91.9
SH.DYN.MORT,mali,2018,96.2
SH.DYN.MORT,mali,2017,100.6
SH.DYN.MORT,mali,2016,105.1
SH.DYN.MORT,mali,2015,109.7
SH.DYN.MORT,mali,2014,114.4
SH.DYN.MORT,mali,2013,119.1
SH.DYN.MORT,mali,2012,123.9
SH.DYN.MORT,mali,2011,128.8
SH.DYN.MORT,mali,2010,133.8
SH.DYN.MORT,mali,2009,138.9
SH.DYN.MORT,mali,2008,144.0
SH.DYN.MORT,mali,2007,149.2
SH.DYN.MORT,mali,2006,154.6
SH.DYN.MORT,mali,2005,160.1
SH.DYN.MORT,mali,2004,165.8
SH.DYN.MORT,mali,2003,171.7
SH.DYN.MORT,mali,2002,177.7
SH.DYN.MORT,mali,2001,183.9
SH.DYN.MORT,mali,2000,189.9
SH.DYN.MORT,niger,2024,110.7
SH.DYN.MORT,niger,2023,113.5
SH.DYN.MORT,niger,2022,116.0
SH.DYN.MORT,niger,2021,118.0
SH.DYN.MORT,niger,2020,119.5
SH.DYN.MORT,niger,2019,120.8
SH.DYN.MORT,niger,2018,121.9
SH.DYN.MORT,niger,2017,123.1
SH.DYN.MORT,niger,2016,124.3
SH.DYN.MORT,niger,2015,125.4
SH.DYN.MORT,niger,2014,126.8
SH.DYN.MORT,niger,2013,128.3
SH.DYN.MORT,niger,2012,130.3
SH.DYN.MORT,niger,2011,132.7
SH.DYN.MORT,niger,2010,136.0
SH.DYN.MORT,niger,2009,140.3
SH.DYN.MORT,niger,2008,146.0
SH.DYN.MORT,niger,2007,153.1
SH.DYN.MORT,niger,2006,161.6
SH.DYN.MORT,niger,2005,171.4
SH.DYN.MORT,niger,2004,182.4
SH.DYN.MORT,niger,2003,194.1
SH.DYN.MORT,niger,2002,205.9
SH.DYN.MORT,niger,2001,217.4
SH.DYN.MORT,niger,2000,227.9
SH.DYN.MORT,senegal,2024,36.5
SH.DYN.MORT,senegal,2023,38.2
SH.DYN.MORT,senegal,2022,40.1
SH.DYN.MORT,senegal,2021,42.2
SH.DYN.MORT,senegal,2020,44.2
SH.DYN.MORT,senegal,2019,46.2
SH.DYN.MORT,senegal,2018,47.9
SH.DYN.MORT,senegal,2017,49.4
SH.DYN.MORT,senegal,2016,50.8
SH.DYN.MORT,senegal,2015,52.2
SH.DYN.MORT,senegal,2014,53.7
SH.DYN.MORT,senegal,2013,55.5
SH.DYN.MORT,senegal,2012,57.6
SH.DYN.MORT,senegal,2011,60.0
SH.DYN.MORT,senegal,2010,62.8
SH.DYN.MORT,senegal,2009,66.1
SH.DYN.MORT,senegal,2008,70.1
SH.DYN.MORT,senegal,2007,75.0
SH.DYN.MORT,senegal,2006,80.8
SH.DYN.MORT,senegal,2005,87.6
SH.DYN.MORT,senegal,2004,95.5
SH.DYN.MORT,senegal,2003,104.2
SH.DYN.MORT,senegal,2002,113.2
SH.DYN.MORT,senegal,2001,121.7
SH.DYN.MORT,senegal,2000,128.9
SH.DYN.MORT,togo,2024,56.1
SH.DYN.MORT,togo,2023,58.1
SH.DYN.MORT,togo,2022,60.0
SH.DYN.MORT,togo,2021,62.0
SH.DYN.MORT,togo,2020,63.9
SH.DYN.MORT,togo,2019,66.0
SH.DYN.MORT,togo,2018,68.1
SH.DYN.MORT,togo,2017,70.4
SH.DYN.MORT,togo,2016,72.8
SH.DYN.MORT,togo,2015,75.2
SH.DYN.MORT,togo,2014,77.7
SH.DYN.MORT,togo,2013,80.2
SH.DYN.MORT,togo,2012,82.9
SH.DYN.MORT,togo,2011,85.6
SH.DYN.MORT,togo,2010,88.3
SH.DYN.MORT,togo,2009,90.9
SH.DYN.MORT,togo,2008,93.7
SH.DYN.MORT,togo,2007,96.5
SH.DYN.MORT,togo,2006,99.3
SH.DYN.MORT,togo,2005,102.4
SH.DYN.MORT,togo,2004,105.5
SH.DYN.MORT,togo,2003,108.8
SH.DYN.MORT,togo,2002,112.2
SH.DYN.MORT,togo,2001,115.7
SH.DYN.MORT,togo,2000,119.2
SI.POV.DDAY,benin,2021,27.2
SI.POV.DDAY,benin,2018,37.2
SI.POV.DDAY,benin,2015,65.8
SI.POV.DDAY,benin,2011,68.4
SI.POV.DDAY,benin,2003,70.5
SI.POV.DDAY,burkina,2021,42.1
SI.POV.DDAY,burkina,2018,47.7
SI.POV.DDAY,burkina,2014,58.7
SI.POV.DDAY,burkina,2009,67.2
SI.POV.DDAY,burkina,2003,69.6
SI.POV.DDAY,cote_ivoire,2021,20.8
SI.POV.DDAY,cote_ivoire,2018,21.7
SI.POV.DDAY,cote_ivoire,2015,46.6
SI.POV.DDAY,cote_ivoire,2008,47.0
SI.POV.DDAY,cote_ivoire,2002,43.9
SI.POV.DDAY,guinee_bissau,2021,39.9
SI.POV.DDAY,guinee_bissau,2018,37.1
SI.POV.DDAY,guinee_bissau,2010,75.7
SI.POV.DDAY,guinee_bissau,2002,68.2
SI.POV.DDAY,mali,2021,36.1
SI.POV.DDAY,mali,2018,29.4
SI.POV.DDAY,mali,2009,63.3
SI.POV.DDAY,mali,2006,64.0
SI.POV.DDAY,mali,2001,68.6
SI.POV.DDAY,niger,2021,60.5
SI.POV.DDAY,niger,2018,59.0
SI.POV.DDAY,niger,2014,60.3
SI.POV.DDAY,niger,2011,68.8
SI.POV.DDAY,niger,2007,82.9
SI.POV.DDAY,niger,2005,83.8
SI.POV.DDAY,senegal,2021,17.9
SI.POV.DDAY,senegal,2018,19.1
SI.POV.DDAY,senegal,2011,53.3
SI.POV.DDAY,senegal,2005,53.6
SI.POV.DDAY,senegal,2001,63.9
SI.POV.DDAY,togo,2021,34.7
SI.POV.DDAY,togo,2018,35.3
SI.POV.DDAY,togo,2015,61.7
SI.POV.DDAY,togo,2011,65.5
SI.POV.DDAY,togo,2006,67.6
EG.ELC.ACCS.ZS,benin,2024,59.0
EG.ELC.ACCS.ZS,benin,2023,57.0
EG.ELC.ACCS.ZS,benin,2022,56.5
EG.ELC.ACCS.ZS,benin,2021,42.0
EG.ELC.ACCS.ZS,benin,2020,41.0
EG.ELC.ACCS.ZS,benin,2019,40.0
EG.ELC.ACCS.ZS,benin,2018,39.0
EG.ELC.ACCS.ZS,benin,2017,34.5
EG.ELC.ACCS.ZS,benin,2016,37.0
EG.ELC.ACCS.ZS,benin,2015,29.6
EG.ELC.ACCS.ZS,benin,2014,34.1
EG.ELC.ACCS.ZS,benin,2013,34.7
EG.ELC.ACCS.ZS,benin,2012,38.4
EG.ELC.ACCS.ZS,benin,2011,36.9
EG.ELC.ACCS.ZS,benin,2010,34.2
EG.ELC.ACCS.ZS,benin,2009,30.0
EG.ELC.ACCS.ZS,benin,2008,29.0
EG.ELC.ACCS.ZS,benin,2007,28.0
EG.ELC.ACCS.ZS,benin,2006,27.9
EG.ELC.ACCS.ZS,benin,2005,26.1
EG.ELC.ACCS.ZS,benin,2004,25.2
EG.ELC.ACCS.ZS,benin,2003,24.3
EG.ELC.ACCS.ZS,benin,2002,23.4
EG.ELC.ACCS.ZS,benin,2001,21.9
EG.ELC.ACCS.ZS,benin,2000,21.5
EG.ELC.ACCS.ZS,burkina,2024,34.0
EG.ELC.ACCS.ZS,burkina,2023,21.7
EG.ELC.ACCS.ZS,burkina,2022,19.5
EG.ELC.ACCS.ZS,burkina,2021,19.0
EG.ELC.ACCS.ZS,burkina,2020,18.5
EG.ELC.ACCS.ZS,burkina,2019,17.6
EG.ELC.ACCS.ZS,burkina,2018,14.4
EG.ELC.ACCS.ZS,burkina,2017,17.0
EG.ELC.ACCS.ZS,burkina,2016,16.6
EG.ELC.ACCS.ZS,burkina,2015,16.2
EG.ELC.ACCS.ZS,burkina,2014,19.2
EG.ELC.ACCS.ZS,burkina,2013,15.4
EG.ELC.ACCS.ZS,burkina,2012,15.1
EG.ELC.ACCS.ZS,burkina,2011,14.8
EG.ELC.ACCS.ZS,burkina,2010,13.1
EG.ELC.ACCS.ZS,burkina,2009,12.6
EG.ELC.ACCS.ZS,burkina,2008,12.5
EG.ELC.ACCS.ZS,burkina,2007,12.0
EG.ELC.ACCS.ZS,burkina,2006,11.6
EG.ELC.ACCS.ZS,burkina,2005,11.1
EG.ELC.ACCS.ZS,burkina,2004,10.7
EG.ELC.ACCS.ZS,burkina,2003,11.4
EG.ELC.ACCS.ZS,burkina,2002,9.9
EG.ELC.ACCS.ZS,burkina,2001,9.5
EG.ELC.ACCS.ZS,burkina,2000,9.1
EG.ELC.ACCS.ZS,cote_ivoire,2024,72.9
EG.ELC.ACCS.ZS,cote_ivoire,2023,72.4
EG.ELC.ACCS.ZS,cote_ivoire,2022,70.4
EG.ELC.ACCS.ZS,cote_ivoire,2021,71.1
EG.ELC.ACCS.ZS,cote_ivoire,2020,69.9
EG.ELC.ACCS.ZS,cote_ivoire,2019,68.6
EG.ELC.ACCS.ZS,cote_ivoire,2018,67.1
EG.ELC.ACCS.ZS,cote_ivoire,2017,65.6
EG.ELC.ACCS.ZS,cote_ivoire,2016,64.3
EG.ELC.ACCS.ZS,cote_ivoire,2015,62.6
EG.ELC.ACCS.ZS,cote_ivoire,2014,61.9
EG.ELC.ACCS.ZS,cote_ivoire,2013,61.5
EG.ELC.ACCS.ZS,cote_ivoire,2012,55.8
EG.ELC.ACCS.ZS,cote_ivoire,2011,55.8
EG.ELC.ACCS.ZS,cote_ivoire,2010,58.4
EG.ELC.ACCS.ZS,cote_ivoire,2009,57.3
EG.ELC.ACCS.ZS,cote_ivoire,2008,60.3
EG.ELC.ACCS.ZS,cote_ivoire,2007,55.3
EG.ELC.ACCS.ZS,cote_ivoire,2006,60.2
EG.ELC.ACCS.ZS,cote_ivoire,2005,58.9
EG.ELC.ACCS.ZS,cote_ivoire,2004,52.4
EG.ELC.ACCS.ZS,cote_ivoire,2003,51.5
EG.ELC.ACCS.ZS,cote_ivoire,2002,51.4
EG.ELC.ACCS.ZS,cote_ivoire,2001,49.7
EG.ELC.ACCS.ZS,cote_ivoire,2000,48.7
EG.ELC.ACCS.ZS,guinee_bissau,2024,43.7
EG.ELC.ACCS.ZS,guinee_bissau,2023,40.5
EG.ELC.ACCS.ZS,guinee_bissau,2022,37.4
EG.ELC.ACCS.ZS,guinee_bissau,2021,35.8
EG.ELC.ACCS.ZS,guinee_bissau,2020,33.4
EG.ELC.ACCS.ZS,guinee_bissau,2019,30.9
EG.ELC.ACCS.ZS,guinee_bissau,2018,28.4
EG.ELC.ACCS.ZS,guinee_bissau,2017,26.0
EG.ELC.ACCS.ZS,guinee_bissau,2016,22.9
EG.ELC.ACCS.ZS,guinee_bissau,2015,20.1
EG.ELC.ACCS.ZS,guinee_bissau,2014,17.2
EG.ELC.ACCS.ZS,guinee_bissau,2013,16.3
EG.ELC.ACCS.ZS,guinee_bissau,2012,14.9
EG.ELC.ACCS.ZS,guinee_bissau,2011,13.5
EG.ELC.ACCS.ZS,guinee_bissau,2010,6.0
EG.ELC.ACCS.ZS,guinee_bissau,2009,4.7
EG.ELC.ACCS.ZS,guinee_bissau,2008,9.3
EG.ELC.ACCS.ZS,guinee_bissau,2007,7.9
EG.ELC.ACCS.ZS,guinee_bissau,2006,14.5
EG.ELC.ACCS.ZS,guinee_bissau,2005,5.2
EG.ELC.ACCS.ZS,guinee_bissau,2004,3.9
EG.ELC.ACCS.ZS,guinee_bissau,2003,2.6
EG.ELC.ACCS.ZS,guinee_bissau,2002,1.3
EG.ELC.ACCS.ZS,mali,2024,49.5
EG.ELC.ACCS.ZS,mali,2023,54.5
EG.ELC.ACCS.ZS,mali,2022,53.0
EG.ELC.ACCS.ZS,mali,2021,53.4
EG.ELC.ACCS.ZS,mali,2020,50.6
EG.ELC.ACCS.ZS,mali,2019,47.9
EG.ELC.ACCS.ZS,mali,2018,50.9
EG.ELC.ACCS.ZS,mali,2017,34.8
EG.ELC.ACCS.ZS,mali,2016,38.8
EG.ELC.ACCS.ZS,mali,2015,37.6
EG.ELC.ACCS.ZS,mali,2014,34.2
EG.ELC.ACCS.ZS,mali,2013,32.4
EG.ELC.ACCS.ZS,mali,2012,25.6
EG.ELC.ACCS.ZS,mali,2011,28.8
EG.ELC.ACCS.ZS,mali,2010,27.0
EG.ELC.ACCS.ZS,mali,2009,24.0
EG.ELC.ACCS.ZS,mali,2008,23.4
EG.ELC.ACCS.ZS,mali,2007,21.7
EG.ELC.ACCS.ZS,mali,2006,16.6
EG.ELC.ACCS.ZS,mali,2005,18.2
EG.ELC.ACCS.ZS,mali,2004,16.4
EG.ELC.ACCS.ZS,mali,2003,14.7
EG.ELC.ACCS.ZS,mali,2002,13.0
EG.ELC.ACCS.ZS,mali,2001,10.8
EG.ELC.ACCS.ZS,mali,2000,9.6
EG.ELC.ACCS.ZS,niger,2024,21.3
EG.ELC.ACCS.ZS,niger,2023,20.1
EG.ELC.ACCS.ZS,niger,2022,19.5
EG.ELC.ACCS.ZS,niger,2021,18.6
EG.ELC.ACCS.ZS,niger,2020,18.7
EG.ELC.ACCS.ZS,niger,2019,18.5
EG.ELC.ACCS.ZS,niger,2018,17.6
EG.ELC.ACCS.ZS,niger,2017,17.6
EG.ELC.ACCS.ZS,niger,2016,17.0
EG.ELC.ACCS.ZS,niger,2015,16.6
EG.ELC.ACCS.ZS,niger,2014,15.7
EG.ELC.ACCS.ZS,niger,2013,15.2
EG.ELC.ACCS.ZS,niger,2012,14.4
EG.ELC.ACCS.ZS,niger,2011,14.3
EG.ELC.ACCS.ZS,niger,2010,13.6
EG.ELC.ACCS.ZS,niger,2009,12.3
EG.ELC.ACCS.ZS,niger,2008,11.8
EG.ELC.ACCS.ZS,niger,2007,11.2
EG.ELC.ACCS.ZS,niger,2006,9.3
EG.ELC.ACCS.ZS,niger,2005,7.1
EG.ELC.ACCS.ZS,niger,2004,9.7
EG.ELC.ACCS.ZS,niger,2003,9.3
EG.ELC.ACCS.ZS,niger,2002,8.8
EG.ELC.ACCS.ZS,niger,2001,8.4
EG.ELC.ACCS.ZS,niger,2000,6.5
EG.ELC.ACCS.ZS,senegal,2024,82.9
EG.ELC.ACCS.ZS,senegal,2023,74.2
EG.ELC.ACCS.ZS,senegal,2022,67.9
EG.ELC.ACCS.ZS,senegal,2021,68.0
EG.ELC.ACCS.ZS,senegal,2020,64.3
EG.ELC.ACCS.ZS,senegal,2019,70.4
EG.ELC.ACCS.ZS,senegal,2018,66.0
EG.ELC.ACCS.ZS,senegal,2017,61.7
EG.ELC.ACCS.ZS,senegal,2016,64.5
EG.ELC.ACCS.ZS,senegal,2015,60.5
EG.ELC.ACCS.ZS,senegal,2014,61.0
EG.ELC.ACCS.ZS,senegal,2013,57.0
EG.ELC.ACCS.ZS,senegal,2012,56.5
EG.ELC.ACCS.ZS,senegal,2011,56.5
EG.ELC.ACCS.ZS,senegal,2010,56.5
EG.ELC.ACCS.ZS,senegal,2009,53.5
EG.ELC.ACCS.ZS,senegal,2008,49.7
EG.ELC.ACCS.ZS,senegal,2007,48.1
EG.ELC.ACCS.ZS,senegal,2006,49.9
EG.ELC.ACCS.ZS,senegal,2005,47.1
EG.ELC.ACCS.ZS,senegal,2004,36.8
EG.ELC.ACCS.ZS,senegal,2003,41.9
EG.ELC.ACCS.ZS,senegal,2002,36.8
EG.ELC.ACCS.ZS,senegal,2001,38.9
EG.ELC.ACCS.ZS,senegal,2000,37.7
EG.ELC.ACCS.ZS,togo,2024,61.1
EG.ELC.ACCS.ZS,togo,2023,59.2
EG.ELC.ACCS.ZS,togo,2022,57.2
EG.ELC.ACCS.ZS,togo,2021,55.7
EG.ELC.ACCS.ZS,togo,2020,54.1
EG.ELC.ACCS.ZS,togo,2019,52.5
EG.ELC.ACCS.ZS,togo,2018,50.0
EG.ELC.ACCS.ZS,togo,2017,48.0
EG.ELC.ACCS.ZS,togo,2016,46.8
EG.ELC.ACCS.ZS,togo,2015,44.7
EG.ELC.ACCS.ZS,togo,2014,45.7
EG.ELC.ACCS.ZS,togo,2013,41.0
EG.ELC.ACCS.ZS,togo,2012,39.1
EG.ELC.ACCS.ZS,togo,2011,39.7
EG.ELC.ACCS.ZS,togo,2010,30.8
EG.ELC.ACCS.ZS,togo,2009,33.7
EG.ELC.ACCS.ZS,togo,2008,31.8
EG.ELC.ACCS.ZS,togo,2007,30.0
EG.ELC.ACCS.ZS,togo,2006,27.9
EG.ELC.ACCS.ZS,togo,2005,26.5
EG.ELC.ACCS.ZS,togo,2004,24.8
EG.ELC.ACCS.ZS,togo,2003,23.0
EG.ELC.ACCS.ZS,togo,2002,21.3
EG.ELC.ACCS.ZS,togo,2001,19.6
EG.ELC.ACCS.ZS,togo,2000,17.0
SH.H2O.BASW.ZS,benin,2024,69.5868397867067
SH.H2O.BASW.ZS,benin,2023,69.2752913846942
SH.H2O.BASW.ZS,benin,2022,68.9589815769274
SH.H2O.BASW.ZS,benin,2021,68.6381245479094
SH.H2O.BASW.ZS,benin,2020,68.3129505616936
SH.H2O.BASW.ZS,benin,2019,67.9832516982572
SH.H2O.BASW.ZS,benin,2018,67.6494113960798
SH.H2O.BASW.ZS,benin,2017,67.3115299235489
SH.H2O.BASW.ZS,benin,2016,66.9697053582587
SH.H2O.BASW.ZS,benin,2015,66.6240261475915
SH.H2O.BASW.ZS,benin,2014,66.2745990254867
SH.H2O.BASW.ZS,benin,2013,65.9215151449037
SH.H2O.BASW.ZS,benin,2012,65.5652472683148
SH.H2O.BASW.ZS,benin,2011,65.2045676976255
SH.H2O.BASW.ZS,benin,2010,64.8398943690565
SH.H2O.BASW.ZS,benin,2009,64.471280030876
SH.H2O.BASW.ZS,benin,2008,64.0987736405784
SH.H2O.BASW.ZS,benin,2007,63.722003378885
SH.H2O.BASW.ZS,benin,2006,63.3414202893598
SH.H2O.BASW.ZS,benin,2005,62.9572986699117
SH.H2O.BASW.ZS,benin,2004,62.5694755970266
SH.H2O.BASW.ZS,benin,2003,62.177768242791
SH.H2O.BASW.ZS,benin,2002,61.7826864714812
SH.H2O.BASW.ZS,benin,2001,61.4110451186381
SH.H2O.BASW.ZS,benin,2000,61.053428974703
SH.H2O.BASW.ZS,burkina,2024,49.9986600107497
SH.H2O.BASW.ZS,burkina,2023,49.4606606678806
SH.H2O.BASW.ZS,burkina,2022,49.7662606215165
SH.H2O.BASW.ZS,burkina,2021,50.0752719507407
SH.H2O.BASW.ZS,burkina,2020,50.3862637931321
SH.H2O.BASW.ZS,burkina,2019,50.6996167671279
SH.H2O.BASW.ZS,burkina,2018,51.0143648746902
SH.H2O.BASW.ZS,burkina,2017,51.3308302109352
SH.H2O.BASW.ZS,burkina,2016,51.6480569278797
SH.H2O.BASW.ZS,burkina,2015,51.9651331528119
SH.H2O.BASW.ZS,burkina,2014,52.2827255201391
SH.H2O.BASW.ZS,burkina,2013,52.6002657451869
SH.H2O.BASW.ZS,burkina,2012,52.9175711215547
SH.H2O.BASW.ZS,burkina,2011,53.2337210751368
SH.H2O.BASW.ZS,burkina,2010,53.5481792484168
SH.H2O.BASW.ZS,burkina,2009,53.8607620569165
SH.H2O.BASW.ZS,burkina,2008,54.1709291046909
SH.H2O.BASW.ZS,burkina,2007,54.4775122533974
SH.H2O.BASW.ZS,burkina,2006,54.7404102452083
SH.H2O.BASW.ZS,burkina,2005,54.9540483069105
SH.H2O.BASW.ZS,burkina,2004,55.1712862578843
SH.H2O.BASW.ZS,burkina,2003,55.3903115715643
SH.H2O.BASW.ZS,burkina,2002,55.6114304370044
SH.H2O.BASW.ZS,burkina,2001,55.8329037014079
SH.H2O.BASW.ZS,burkina,2000,55.6390919539438
SH.H2O.BASW.ZS,cote_ivoire,2024,77.2470593822361
SH.H2O.BASW.ZS,cote_ivoire,2023,76.9878854497263
SH.H2O.BASW.ZS,cote_ivoire,2022,76.6566348508061
SH.H2O.BASW.ZS,cote_ivoire,2021,76.3229847618577
SH.H2O.BASW.ZS,cote_ivoire,2020,75.9870680852305
SH.H2O.BASW.ZS,cote_ivoire,2019,75.6490184756229
SH.H2O.BASW.ZS,cote_ivoire,2018,75.3089683562102
SH.H2O.BASW.ZS,cote_ivoire,2017,74.9670485097416
SH.H2O.BASW.ZS,cote_ivoire,2016,74.623678155198
SH.H2O.BASW.ZS,cote_ivoire,2015,74.2789991723986
SH.H2O.BASW.ZS,cote_ivoire,2014,73.932866465233
SH.H2O.BASW.ZS,cote_ivoire,2013,73.5860051813631
SH.H2O.BASW.ZS,cote_ivoire,2012,73.2358134121721
SH.H2O.BASW.ZS,cote_ivoire,2011,72.8823142494903
SH.H2O.BASW.ZS,cote_ivoire,2010,72.5255308385242
SH.H2O.BASW.ZS,cote_ivoire,2009,72.1658002425728
SH.H2O.BASW.ZS,cote_ivoire,2008,71.8031717766337
SH.H2O.BASW.ZS,cote_ivoire,2007,71.4370073419778
SH.H2O.BASW.ZS,cote_ivoire,2006,71.0679891332651
SH.H2O.BASW.ZS,cote_ivoire,2005,70.6961620276826
SH.H2O.BASW.ZS,cote_ivoire,2004,70.3215551742465
SH.H2O.BASW.ZS,cote_ivoire,2003,69.9435023946029
SH.H2O.BASW.ZS,cote_ivoire,2002,69.5630827839749
SH.H2O.BASW.ZS,cote_ivoire,2001,69.1799896467784
SH.H2O.BASW.ZS,cote_ivoire,2000,68.7946138845833
SH.H2O.BASW.ZS,guinee_bissau,2024,61.8077030171668
SH.H2O.BASW.ZS,guinee_bissau,2023,61.7218282479049
SH.H2O.BASW.ZS,guinee_bissau,2022,61.6363537721631
SH.H2O.BASW.ZS,guinee_bissau,2021,61.5510835646003
SH.H2O.BASW.ZS,guinee_bissau,2020,61.4023709076856
SH.H2O.BASW.ZS,guinee_bissau,2019,61.2378280860905
SH.H2O.BASW.ZS,guinee_bissau,2018,61.0574978262041
SH.H2O.BASW.ZS,guinee_bissau,2017,60.8614249962045
SH.H2O.BASW.ZS,guinee_bissau,2016,60.6498938301808
SH.H2O.BASW.ZS,guinee_bissau,2015,60.4227287706109
SH.H2O.BASW.ZS,guinee_bissau,2014,60.179969051587
SH.H2O.BASW.ZS,guinee_bissau,2013,59.9219185208316
SH.H2O.BASW.ZS,guinee_bissau,2012,59.6486446194462
SH.H2O.BASW.ZS,guinee_bissau,2011,59.3599409743787
SH.H2O.BASW.ZS,guinee_bissau,2010,59.0561288356576
SH.H2O.BASW.ZS,guinee_bissau,2009,58.7369930495235
SH.H2O.BASW.ZS,guinee_bissau,2008,58.4031554952598
SH.H2O.BASW.ZS,guinee_bissau,2007,58.0535126816811
SH.H2O.BASW.ZS,guinee_bissau,2006,57.6886837795946
SH.H2O.BASW.ZS,guinee_bissau,2005,57.3083913147458
SH.H2O.BASW.ZS,guinee_bissau,2004,56.9133054099117
SH.H2O.BASW.ZS,guinee_bissau,2003,56.5025111199122
SH.H2O.BASW.ZS,guinee_bissau,2002,56.0766781223188
SH.H2O.BASW.ZS,guinee_bissau,2001,55.6355112802185
SH.H2O.BASW.ZS,guinee_bissau,2000,55.1797262603998
SH.H2O.BASW.ZS,mali,2024,86.3633567815443
SH.H2O.BASW.ZS,mali,2023,85.0789328815907
SH.H2O.BASW.ZS,mali,2022,83.6801195841677
SH.H2O.BASW.ZS,mali,2021,82.2652506105548
SH.H2O.BASW.ZS,mali,2020,80.8342374526546
SH.H2O.BASW.ZS,mali,2019,79.3875776496975
SH.H2O.BASW.ZS,mali,2018,77.9248726503067
SH.H2O.BASW.ZS,mali,2017,76.4467561333581
SH.H2O.BASW.ZS,mali,2016,74.9530465324724
SH.H2O.BASW.ZS,mali,2015,73.4442818917146
SH.H2O.BASW.ZS,mali,2014,71.9205681917845
SH.H2O.BASW.ZS,mali,2013,70.3820228884165
SH.H2O.BASW.ZS,mali,2012,68.8293224749943
SH.H2O.BASW.ZS,mali,2011,67.2626511406481
SH.H2O.BASW.ZS,mali,2010,65.6825064344256
SH.H2O.BASW.ZS,mali,2009,64.0894295059223
SH.H2O.BASW.ZS,mali,2008,62.4840069987377
SH.H2O.BASW.ZS,mali,2007,60.8678932754337
SH.H2O.BASW.ZS,mali,2006,59.2432791544715
SH.H2O.BASW.ZS,mali,2005,57.6096707559848
SH.H2O.BASW.ZS,mali,2004,55.9690552417302
SH.H2O.BASW.ZS,mali,2003,54.3201164982467
SH.H2O.BASW.ZS,mali,2002,52.6652852945174
SH.H2O.BASW.ZS,mali,2001,51.0043528727808
SH.H2O.BASW.ZS,mali,2000,49.4074258741145
SH.H2O.BASW.ZS,niger,2024,53.4274656286176
SH.H2O.BASW.ZS,niger,2023,52.7552521305404
SH.H2O.BASW.ZS,niger,2022,52.0806785975452
SH.H2O.BASW.ZS,niger,2021,51.4037852396431
SH.H2O.BASW.ZS,niger,2020,50.7254664539795
SH.H2O.BASW.ZS,niger,2019,50.045306277114
SH.H2O.BASW.ZS,niger,2018,49.364204791619
SH.H2O.BASW.ZS,niger,2017,48.6826437620777
SH.H2O.BASW.ZS,niger,2016,48.0001316756614
SH.H2O.BASW.ZS,niger,2015,47.3180912197977
SH.H2O.BASW.ZS,niger,2014,46.6360032875155
SH.H2O.BASW.ZS,niger,2013,45.9553436655962
SH.H2O.BASW.ZS,niger,2012,45.2755729615711
SH.H2O.BASW.ZS,niger,2011,44.5891012347432
SH.H2O.BASW.ZS,niger,2010,43.8964824399921
SH.H2O.BASW.ZS,niger,2009,43.1966321655043
SH.H2O.BASW.ZS,niger,2008,42.4900876989759
SH.H2O.BASW.ZS,niger,2007,41.7774242131502
SH.H2O.BASW.ZS,niger,2006,41.0575024887785
SH.H2O.BASW.ZS,niger,2005,40.3308901559153
SH.H2O.BASW.ZS,niger,2004,39.5981949224788
SH.H2O.BASW.ZS,niger,2003,38.8582098965165
SH.H2O.BASW.ZS,niger,2002,38.1115370315666
SH.H2O.BASW.ZS,niger,2001,37.358813438708
SH.H2O.BASW.ZS,niger,2000,36.5479060182649
SH.H2O.BASW.ZS,senegal,2024,88.0435670438381
SH.H2O.BASW.ZS,senegal,2023,86.915566820325
SH.H2O.BASW.ZS,senegal,2022,85.7796288430834
SH.H2O.BASW.ZS,senegal,2021,84.636074800772
SH.H2O.BASW.ZS,senegal,2020,83.4855735664121
SH.H2O.BASW.ZS,senegal,2019,82.3288600505419
SH.H2O.BASW.ZS,senegal,2018,81.1662422601817
SH.H2O.BASW.ZS,senegal,2017,79.9984726874606
SH.H2O.BASW.ZS,senegal,2016,78.8258139339832
SH.H2O.BASW.ZS,senegal,2015,77.649320243194
SH.H2O.BASW.ZS,senegal,2014,76.46896680992
SH.H2O.BASW.ZS,senegal,2013,75.2855370773077
SH.H2O.BASW.ZS,senegal,2012,74.0969620089046
SH.H2O.BASW.ZS,senegal,2011,72.9034178534763
SH.H2O.BASW.ZS,senegal,2010,71.7047289784237
SH.H2O.BASW.ZS,senegal,2009,70.5013902121975
SH.H2O.BASW.ZS,senegal,2008,69.2939508159691
SH.H2O.BASW.ZS,senegal,2007,68.0818461765574
SH.H2O.BASW.ZS,senegal,2006,66.865607080287
SH.H2O.BASW.ZS,senegal,2005,65.6454033379623
SH.H2O.BASW.ZS,senegal,2004,64.4218461577163
SH.H2O.BASW.ZS,senegal,2003,63.1942453922298
SH.H2O.BASW.ZS,senegal,2002,62.0161291286122
SH.H2O.BASW.ZS,senegal,2001,60.9066465806354
SH.H2O.BASW.ZS,senegal,2000,59.7997359655038
SH.H2O.BASW.ZS,togo,2024,64.7862455498292
SH.H2O.BASW.ZS,togo,2023,63.7824051013865
SH.H2O.BASW.ZS,togo,2022,62.7656132616006
SH.H2O.BASW.ZS,togo,2021,62.4040009740747
SH.H2O.BASW.ZS,togo,2020,62.0075237539343
SH.H2O.BASW.ZS,togo,2019,61.5763879815796
SH.H2O.BASW.ZS,togo,2018,61.1106166110229
SH.H2O.BASW.ZS,togo,2017,60.6102462342239
SH.H2O.BASW.ZS,togo,2016,60.0753126449292
SH.H2O.BASW.ZS,togo,2015,59.5058666846818
SH.H2O.BASW.ZS,togo,2014,58.9022839214157
SH.H2O.BASW.ZS,togo,2013,58.2632949727303
SH.H2O.BASW.ZS,togo,2012,57.5887896171643
SH.H2O.BASW.ZS,togo,2011,56.877895720393
SH.H2O.BASW.ZS,togo,2010,56.1360720615008
SH.H2O.BASW.ZS,togo,2009,55.3677359070846
SH.H2O.BASW.ZS,togo,2008,54.5651625096366
SH.H2O.BASW.ZS,togo,2007,53.7264798079458
SH.H2O.BASW.ZS,togo,2006,52.8533718752421
SH.H2O.BASW.ZS,togo,2005,51.9453319211915
SH.H2O.BASW.ZS,togo,2004,51.0022965045224
SH.H2O.BASW.ZS,togo,2003,49.8657131320708
SH.H2O.BASW.ZS,togo,2002,48.548643782428
SH.H2O.BASW.ZS,togo,2001,47.2066551581281
SH.H2O.BASW.ZS,togo,2000,45.8401052749538
SE.PRM.ENRR,benin,2022,108.036239624023
SE.PRM.ENRR,benin,2021,105.631301879883
SE.PRM.ENRR,benin,2020,104.033172607422
SE.PRM.ENRR,benin,2019,106.798400878906
SE.PRM.ENRR,benin,2018,111.805068969727
SE.PRM.ENRR,benin,2017,116.291519165039
SE.PRM.ENRR,benin,2016,120.301116943359
SE.PRM.ENRR,benin,2015,121.990882873535
SE.PRM.ENRR,benin,2014,119.675392150879
SE.PRM.ENRR,benin,2013,119.383087158203
SE.PRM.ENRR,benin,2012,118.541481018066
SE.PRM.ENRR,benin,2011,114.723129272461
SE.PRM.ENRR,benin,2010,112.795959472656
SE.PRM.ENRR,benin,2009,111.44181060791
SE.PRM.ENRR,benin,2008,106.483963012695
SE.PRM.ENRR,benin,2006,94.3325424194336
SE.PRM.ENRR,benin,2005,94.2145690917969
SE.PRM.ENRR,benin,2004,96.9871597290039
SE.PRM.ENRR,benin,2003,93.1921081542969
SE.PRM.ENRR,benin,2002,89.5929565429688
SE.PRM.ENRR,benin,2001,84.4785537719727
SE.PRM.ENRR,benin,2000,77.2928009033203
SE.PRM.ENRR,burkina,2024,77.1665925504108
SE.PRM.ENRR,burkina,2023,72.2385948607578
SE.PRM.ENRR,burkina,2022,82.2567064320916
SE.PRM.ENRR,burkina,2021,87.0183353617198
SE.PRM.ENRR,burkina,2020,87.6988473437538
SE.PRM.ENRR,burkina,2019,89.7861564043823
SE.PRM.ENRR,burkina,2018,91.5019771306419
SE.PRM.ENRR,burkina,2017,89.5118329042903
SE.PRM.ENRR,burkina,2016,87.4065255935815
SE.PRM.ENRR,burkina,2015,85.1484827713554
SE.PRM.ENRR,burkina,2014,84.5538716285922
SE.PRM.ENRR,burkina,2013,83.2890892862992
SE.PRM.ENRR,burkina,2012,81.98174251568
SE.PRM.ENRR,burkina,2011,79.7322151346571
SE.PRM.ENRR,burkina,2010,76.4055299539171
SE.PRM.ENRR,burkina,2009,75.7858963012695
SE.PRM.ENRR,burkina,2008,71.3662185668945
SE.PRM.ENRR,burkina,2007,65.8891830444336
SE.PRM.ENRR,burkina,2006,60.375
SE.PRM.ENRR,burkina,2005,56.6982612609863
SE.PRM.ENRR,burkina,2004,52.1790885925293
SE.PRM.ENRR,burkina,2003,47.5335502624512
SE.PRM.ENRR,burkina,2002,45.1330909729004
SE.PRM.ENRR,burkina,2001,44.3381385803223
SE.PRM.ENRR,burkina,2000,42.8175315856934
SE.PRM.ENRR,cote_ivoire,2024,93.2964368826882
SE.PRM.ENRR,cote_ivoire,2023,91.8093412241399
SE.PRM.ENRR,cote_ivoire,2022,86.4545838787778
SE.PRM.ENRR,cote_ivoire,2021,85.830088505202
SE.PRM.ENRR,cote_ivoire,2020,88.6266598469541
SE.PRM.ENRR,cote_ivoire,2019,88.4747670564693
SE.PRM.ENRR,cote_ivoire,2018,88.210939705148
SE.PRM.ENRR,cote_ivoire,2017,88.2052011132348
SE.PRM.ENRR,cote_ivoire,2016,87.9691851681795
SE.PRM.ENRR,cote_ivoire,2015,85.262803745883
SE.PRM.ENRR,cote_ivoire,2014,83.7491033587174
SE.PRM.ENRR,cote_ivoire,2013,80.7498463265361
SE.PRM.ENRR,cote_ivoire,2012,78.2860585898227
SE.PRM.ENRR,cote_ivoire,2011,73.5641637291114
SE.PRM.ENRR,cote_ivoire,2009,63.0792808532715
SE.PRM.ENRR,cote_ivoire,2008,62.3004684448242
SE.PRM.ENRR,cote_ivoire,2007,59.4631118774414
SE.PRM.ENRR,cote_ivoire,2006,59.5550498962402
SE.PRM.ENRR,cote_ivoire,2003,63.0239181518555
SE.PRM.ENRR,cote_ivoire,2002,66.8685913085938
SE.PRM.ENRR,cote_ivoire,2001,66.3351211547852
SE.PRM.ENRR,cote_ivoire,2000,64.5294876098633
SE.PRM.ENRR,guinee_bissau,2010,113.436782836914
SE.PRM.ENRR,guinee_bissau,2006,119.655990600586
SE.PRM.ENRR,guinee_bissau,2005,114.700538635254
SE.PRM.ENRR,guinee_bissau,2004,107.977500915527
SE.PRM.ENRR,guinee_bissau,2001,89.7620162963867
SE.PRM.ENRR,guinee_bissau,2000,75.5002975463867
SE.PRM.ENRR,mali,2023,72.7972336510107
SE.PRM.ENRR,mali,2018,70.3689604909815
SE.PRM.ENRR,mali,2017,74.6733759399248
SE.PRM.ENRR,mali,2016,71.8693090094813
SE.PRM.ENRR,mali,2015,70.5209747052129
SE.PRM.ENRR,mali,2014,71.8215759998762
SE.PRM.ENRR,mali,2013,70.8734283447266
SE.PRM.ENRR,mali,2012,75.3898048541622
SE.PRM.ENRR,mali,2011,78.6656430079497
SE.PRM.ENRR,mali,2010,78.2843194478002
SE.PRM.ENRR,mali,2009,77.8208770751953
SE.PRM.ENRR,mali,2008,76.5747985839844
SE.PRM.ENRR,mali,2007,74.726676940918
SE.PRM.ENRR,mali,2006,72.4690475463867
SE.PRM.ENRR,mali,2005,69.7963180541992
SE.PRM.ENRR,mali,2004,66.4467468261719
SE.PRM.ENRR,mali,2003,63.1191711425781
SE.PRM.ENRR,mali,2002,61.1667289733887
SE.PRM.ENRR,mali,2001,57.4527702331543
SE.PRM.ENRR,mali,2000,52.9354515075684
SE.PRM.ENRR,niger,2024,64.6534815281519
SE.PRM.ENRR,niger,2023,66.8804779933272
SE.PRM.ENRR,niger,2022,66.2539719118599
SE.PRM.ENRR,niger,2021,65.864245185741
SE.PRM.ENRR,niger,2019,66.7727319163256
SE.PRM.ENRR,niger,2017,74.3787719289761
SE.PRM.ENRR,niger,2016,72.8476843361488
SE.PRM.ENRR,niger,2015,70.8931423850977
SE.PRM.ENRR,niger,2014,68.6922497937291
SE.PRM.ENRR,niger,2013,68.050738334559
SE.PRM.ENRR,niger,2012,67.1548957778323
SE.PRM.ENRR,niger,2011,65.2535100604653
SE.PRM.ENRR,niger,2010,61.5986113613618
SE.PRM.ENRR,niger,2009,57.9658889770508
SE.PRM.ENRR,niger,2008,54.2272987365723
SE.PRM.ENRR,niger,2007,50.5029983520508
SE.PRM.ENRR,niger,2006,48.2523002624512
SE.PRM.ENRR,niger,2005,47.7686805725098
SE.PRM.ENRR,niger,2004,46.0418281555176
SE.PRM.ENRR,niger,2003,42.1091117858887
SE.PRM.ENRR,niger,2002,39.0056304931641
SE.PRM.ENRR,niger,2001,35.0507202148438
SE.PRM.ENRR,niger,2000,32.1440010070801
SE.PRM.ENRR,senegal,2024,85.3279669566335
SE.PRM.ENRR,senegal,2023,85.4523658596434
SE.PRM.ENRR,senegal,2022,84.2733198273584
SE.PRM.ENRR,senegal,2021,84.0612276417736
SE.PRM.ENRR,senegal,2020,84.9031291477371
SE.PRM.ENRR,senegal,2019,83.2568728212779
SE.PRM.ENRR,senegal,2015,84.8970794677734
SE.PRM.ENRR,senegal,2014,83.6844563893552
SE.PRM.ENRR,senegal,2013,82.6985436490722
SE.PRM.ENRR,senegal,2012,86.4115600585938
SE.PRM.ENRR,senegal,2011,86.5724487304688
SE.PRM.ENRR,senegal,2010,83.8549053927634
SE.PRM.ENRR,senegal,2009,84.0063171386719
SE.PRM.ENRR,senegal,2008,84.4092330932617
SE.PRM.ENRR,senegal,2007,83.9038162231445
SE.PRM.ENRR,senegal,2006,80.4989929199219
SE.PRM.ENRR,senegal,2005,80.6679611206055
SE.PRM.ENRR,senegal,2004,78.7173461914062
SE.PRM.ENRR,senegal,2003,75.9179763793945
SE.PRM.ENRR,senegal,2002,71.6134872436523
SE.PRM.ENRR,senegal,2001,70.5668487548828
SE.PRM.ENRR,senegal,2000,68.4906311035156
SE.PRM.ENRR,togo,2024,114.272773524266
SE.PRM.ENRR,togo,2023,116.335465545392
SE.PRM.ENRR,togo,2022,118.42316752898
SE.PRM.ENRR,togo,2021,116.971385859009
SE.PRM.ENRR,togo,2020,119.266830948762
SE.PRM.ENRR,togo,2019,117.747746676497
SE.PRM.ENRR,togo,2018,117.836324490464
SE.PRM.ENRR,togo,2017,119.405694248485
SE.PRM.ENRR,togo,2016,121.476913528699
SE.PRM.ENRR,togo,2015,125.602691931749
SE.PRM.ENRR,togo,2014,122.304207926362
SE.PRM.ENRR,togo,2013,126.10501578594
SE.PRM.ENRR,togo,2012,125.758046516929
SE.PRM.ENRR,togo,2011,122.784071157596
SE.PRM.ENRR,togo,2010,124.709514209282
SE.PRM.ENRR,togo,2009,121.990951538086
SE.PRM.ENRR,togo,2008,107.988212585449
SE.PRM.ENRR,togo,2007,107.236228942871
SE.PRM.ENRR,togo,2006,113.06999206543
SE.PRM.ENRR,togo,2005,109.478187561035
SE.PRM.ENRR,togo,2004,110.338851928711
SE.PRM.ENRR,togo,2003,111.294708251953
SE.PRM.ENRR,togo,2002,113.691993713379
SE.PRM.ENRR,togo,2001,112.105476379395
SE.PRM.ENRR,togo,2000,110.808746337891
