@frequency,provider_code,dataset_code,dataset_name,series_code,series_name,original_period,period,original_value,value,FREQ,REF_AREA,COMMODITY,UNIT_MEASURE,Frequency,Reference Area,Commodity,Unit of Measure
annual,IMF,PCPS,Primary Commodity Price System (PCPS),A.W00.POILBRE.USD,"Annual – All Countries, excluding the IO – Primary Commodity Prices, Brent Crude  – US Dollars",1990,1990-01-01,23.7066139657444,23.7066139657444,A,W00,POILBRE,USD,Annual,"All Countries, excluding the IO","Primary Commodity Prices, Brent Crude ",US Dollars
annual,IMF,PCPS,Primary Commodity Price System (PCPS),A.W00.POILBRE.USD,"Annual – All Countries, excluding the IO – Primary Commodity Prices, Brent Crude  – US Dollars",1991,1991-01-01,20.0753703965117,20.0753703965117,A,W00,POILBRE,USD,Annual,"All Countries, excluding the IO","Primary Commodity Prices, Brent Crude ",US Dollars
annual,IMF,PCPS,Primary Commodity Price System (PCPS),A.W00.POILBRE.USD,"Annual – All Countries, excluding the IO – Primary Commodity Prices, Brent Crude  – US Dollars",1992,1992-01-01,19.3582378129117,19.3582378129117,A,W00,POILBRE,USD,Annual,"All Countries, excluding the IO","Primary Commodity Prices, Brent Crude ",US Dollars
annual,IMF,PCPS,Primary Commodity Price System (PCPS),A.W00.POILBRE.USD,"Annual – All Countries, excluding the IO – Primary Commodity Prices, Brent Crude  – US Dollars",1993,1993-01-01,17.0847592618734,17.0847592618734,A,W00,POILBRE,USD,Annual,"All Countries, excluding the IO","Primary Commodity Prices, Brent Crude ",US Dollars
annual,IMF,PCPS,Primary Commodity Price System (PCPS),A.W00.POILBRE.USD,"Annual – All Countries, excluding the IO – Primary Commodity Prices, Brent Crude  – US Dollars",1994,1994-01-01,15.95965804787,15.95965804787,A,W00,POILBRE,USD,Annual,"All Countries, excluding the IO","Primary Commodity Prices, Brent Crude ",US Dollars
annual,IMF,PCPS,Primary Commodity Price System (PCPS),A.W00.POILBRE.USD,"Annual – All Countries, excluding the IO – Primary Commodity Prices, Brent Crude  – US Dollars",1995,1995-01-01,17.1987480394002,17.1987480394002,A,W00,POILBRE,USD,Annual,"All Countries, excluding the IO","Primary Commodity Prices, Brent Crude ",US Dollars
annual,IMF,PCPS,Primary Commodity Price System (PCPS),A.W00.POILBRE.USD,"Annual – All Countries, excluding the IO – Primary Commodity Prices, Brent Crude  – US Dollars",1996,1996-01-01,20.8085299814919,20.8085299814919,A,W00,POILBRE,USD,Annual,"All Countries, excluding the IO","Primary Commodity Prices, Brent Crude ",US Dollars
annual,IMF,PCPS,Primary Commodity Price System (PCPS),A.W00.POILBRE.USD,"Annual – All Countries, excluding the IO – Primary Commodity Prices, Brent Crude  – US Dollars",1997,1997-01-01,19.3103236322856,19.3103236322856,A,W00,POILBRE,USD,Annual,"All Countries, excluding the IO","Primary Commodity Prices, Brent Crude ",US Dollars
annual,IMF,PCPS,Primary Commodity Price System (PCPS),A.W00.POILBRE.USD,"Annual – All Countries, excluding the IO – Primary Commodity Prices, Brent Crude  – US Dollars",1998,1998-01-01,13.1262191480018,13.1262191480018,A,W00,POILBRE,USD,Annual,"All Countries, excluding the IO","Primary Commodity Prices, Brent Crude ",US Dollars
annual,IMF,PCPS,Primary Commodity Price System (PCPS),A.W00.POILBRE.USD,"Annual – All Countries, excluding the IO – Primary Commodity Prices, Brent Crude  – US Dollars",1999,1999-01-01,18.1082192813225,18.1082192813225,A,W00,POILBRE,USD,Annual,"All Countries, excluding the IO","Primary Commodity Prices, Brent Crude ",US Dollars
annual,IMF,PCPS,Primary Commodity Price System (PCPS),A.W00.POILBRE.USD,"Annual – All Countries, excluding the IO – Primary Commodity Prices, Brent Crude  – US Dollars",2000,2000-01-01,28.8452749623565,28.8452749623565,A,W00,POILBRE,USD,Annual,"All Countries, excluding the IO","Primary Commodity Prices, Brent Crude ",US Dollars
annual,IMF,PCPS,Primary Commodity Price System (PCPS),A.W00.POILBRE.USD,"Annual – All Countries, excluding the IO – Primary Commodity Prices, Brent Crude  – US Dollars",2001,2001-01-01,24.713762790953,24.713762790953,A,W00,POILBRE,USD,Annual,"All Countries, excluding the IO","Primary Commodity Prices, Brent Crude ",US Dollars
annual,IMF,PCPS,Primary Commodity Price System (PCPS),A.W00.POILBRE.USD,"Annual – All Countries, excluding the IO – Primary Commodity Prices, Brent Crude  – US Dollars",2002,2002-01-01,25.1150959752808,25.1150959752808,A,W00,POILBRE,USD,Annual,"All Countries, excluding the IO","Primary Commodity Prices, Brent Crude ",US Dollars
annual,IMF,PCPS,Primary Commodity Price System (PCPS),A.W00.POILBRE.USD,"Annual – All Countries, excluding the IO – Primary Commodity Prices, Brent Crude  – US Dollars",2003,2003-01-01,28.779102719744,28.779102719744,A,W00,POILBRE,USD,Annual,"All Countries, excluding the IO","Primary Commodity Prices, Brent Crude ",US Dollars
annual,IMF,PCPS,Primary Commodity Price System (PCPS),A.W00.POILBRE.USD,"Annual – All Countries, excluding the IO – Primary Commodity Prices, Brent Crude  – US Dollars",2004,2004-01-01,38.2335804473304,38.2335804473304,A,W00,POILBRE,USD,Annual,"All Countries, excluding the IO","Primary Commodity Prices, Brent Crude ",US Dollars
annual,IMF,PCPS,Primary Commodity Price System (PCPS),A.W00.POILBRE.USD,"Annual – All Countries, excluding the IO – Primary Commodity Prices, Brent Crude  – US Dollars",2005,2005-01-01,54.6838476064998,54.6838476064998,A,W00,POILBRE,USD,Annual,"All Countries, excluding the IO","Primary Commodity Prices, Brent Crude ",US Dollars
annual,IMF,PCPS,Primary Commodity Price System (PCPS),A.W00.POILBRE.USD,"Annual – All Countries, excluding the IO – Primary Commodity Prices, Brent Crude  – US Dollars",2006,2006-01-01,65.6047431065311,65.6047431065311,A,W00,POILBRE,USD,Annual,"All Countries, excluding the IO","Primary Commodity Prices, Brent Crude ",US Dollars
annual,IMF,PCPS,Primary Commodity Price System (PCPS),A.W00.POILBRE.USD,"Annual – All Countries, excluding the IO – Primary Commodity Prices, Brent Crude  – US Dollars",2007,2007-01-01,72.6528058457243,72.6528058457243,A,W00,POILBRE,USD,Annual,"All Countries, excluding the IO","Primary Commodity Prices, Brent Crude ",US Dollars
annual,IMF,PCPS,Primary Commodity Price System (PCPS),A.W00.POILBRE.USD,"Annual – All Countries, excluding the IO – Primary Commodity Prices, Brent Crude  – US Dollars",2008,2008-01-01,97.3301517582659,97.3301517582659,A,W00,POILBRE,USD,Annual,"All Countries, excluding the IO","Primary Commodity Prices, Brent Crude ",US Dollars
annual,IMF,PCPS,Primary Commodity Price System (PCPS),A.W00.POILBRE.USD,"Annual – All Countries, excluding the IO – Primary Commodity Prices, Brent Crude  – US Dollars",2009,2009-01-01,61.581049571805,61.581049571805,A,W00,POILBRE,USD,Annual,"All Countries, excluding the IO","Primary Commodity Prices, Brent Crude ",US Dollars
annual,IMF,PCPS,Primary Commodity Price System (PCPS),A.W00.POILBRE.USD,"Annual – All Countries, excluding the IO – Primary Commodity Prices, Brent Crude  – US Dollars",2010,2010-01-01,79.8070083443127,79.8070083443127,A,W00,POILBRE,USD,Annual,"All Countries, excluding the IO","Primary Commodity Prices, Brent Crude ",US Dollars
annual,IMF,PCPS,Primary Commodity Price System (PCPS),A.W00.POILBRE.USD,"Annual – All Countries, excluding the IO – Primary Commodity Prices, Brent Crude  – US Dollars",2011,2011-01-01,111.539226433591,111.539226433591,A,W00,POILBRE,USD,Annual,"All Countries, excluding the IO","Primary Commodity Prices, Brent Crude ",US Dollars
annual,IMF,PCPS,Primary Commodity Price System (PCPS),A.W00.POILBRE.USD,"Annual – All Countries, excluding the IO – Primary Commodity Prices, Brent Crude  – US Dollars",2012,2012-01-01,112.011672697472,112.011672697472,A,W00,POILBRE,USD,Annual,"All Countries, excluding the IO","Primary Commodity Prices, Brent Crude ",US Dollars
annual,IMF,PCPS,Primary Commodity Price System (PCPS),A.W00.POILBRE.USD,"Annual – All Countries, excluding the IO – Primary Commodity Prices, Brent Crude  – US Dollars",2013,2013-01-01,108.961725476818,108.961725476818,A,W00,POILBRE,USD,Annual,"All Countries, excluding the IO","Primary Commodity Prices, Brent Crude ",US Dollars
annual,IMF,PCPS,Primary Commodity Price System (PCPS),A.W00.POILBRE.USD,"Annual – All Countries, excluding the IO – Primary Commodity Prices, Brent Crude  – US Dollars",2014,2014-01-01,99.3454458011795,99.3454458011795,A,W00,POILBRE,USD,Annual,"All Countries, excluding the IO","Primary Commodity Prices, Brent Crude ",US Dollars
annual,IMF,PCPS,Primary Commodity Price System (PCPS),A.W00.POILBRE.USD,"Annual – All Countries, excluding the IO – Primary Commodity Prices, Brent Crude  – US Dollars",2015,2015-01-01,53.0227124035385,53.0227124035385,A,W00,POILBRE,USD,Annual,"All Countries, excluding the IO","Primary Commodity Prices, Brent Crude ",US Dollars
annual,IMF,PCPS,Primary Commodity Price System (PCPS),A.W00.POILBRE.USD,"Annual – All Countries, excluding the IO – Primary Commodity Prices, Brent Crude  – US Dollars",2016,2016-01-01,45.0790762438045,45.0790762438045,A,W00,POILBRE,USD,Annual,"All Countries, excluding the IO","Primary Commodity Prices, Brent Crude ",US Dollars
annual,IMF,PCPS,Primary Commodity Price System (PCPS),A.W00.POILBRE.USD,"Annual – All Countries, excluding the IO – Primary Commodity Prices, Brent Crude  – US Dollars",2017,2017-01-01,54.8869160863291,54.8869160863291,A,W00,POILBRE,USD,Annual,"All Countries, excluding the IO","Primary Commodity Prices, Brent Crude ",US Dollars
annual,IMF,PCPS,Primary Commodity Price System (PCPS),A.W00.POILBRE.USD,"Annual – All Countries, excluding the IO – Primary Commodity Prices, Brent Crude  – US Dollars",2018,2018-01-01,71.6125929873267,71.6125929873267,A,W00,POILBRE,USD,Annual,"All Countries, excluding the IO","Primary Commodity Prices, Brent Crude ",US Dollars
annual,IMF,PCPS,Primary Commodity Price System (PCPS),A.W00.POILBRE.USD,"Annual – All Countries, excluding the IO – Primary Commodity Prices, Brent Crude  – US Dollars",2019,2019-01-01,64.198473986762,64.198473986762,A,W00,POILBRE,USD,Annual,"All Countries, excluding the IO","Primary Commodity Prices, Brent Crude ",US Dollars
annual,IMF,PCPS,Primary Commodity Price System (PCPS),A.W00.POILBRE.USD,"Annual – All Countries, excluding the IO – Primary Commodity Prices, Brent Crude  – US Dollars",2020,2020-01-01,43.3338428226363,43.3338428226363,A,W00,POILBRE,USD,Annual,"All Countries, excluding the IO","Primary Commodity Prices, Brent Crude ",US Dollars
annual,IMF,PCPS,Primary Commodity Price System (PCPS),A.W00.POILBRE.USD,"Annual – All Countries, excluding the IO – Primary Commodity Prices, Brent Crude  – US Dollars",2021,2021-01-01,70.8314995843529,70.8314995843529,A,W00,POILBRE,USD,Annual,"All Countries, excluding the IO","Primary Commodity Prices, Brent Crude ",US Dollars
annual,IMF,PCPS,Primary Commodity Price System (PCPS),A.W00.POILBRE.USD,"Annual – All Countries, excluding the IO – Primary Commodity Prices, Brent Crude  – US Dollars",2022,2022-01-01,98.9963275770123,98.9963275770123,A,W00,POILBRE,USD,Annual,"All Countries, excluding the IO","Primary Commodity Prices, Brent Crude ",US Dollars
annual,IMF,PCPS,Primary Commodity Price System (PCPS),A.W00.POILBRE.USD,"Annual – All Countries, excluding the IO – Primary Commodity Prices, Brent Crude  – US Dollars",2023,2023-01-01,82.3212430281072,82.3212430281072,A,W00,POILBRE,USD,Annual,"All Countries, excluding the IO","Primary Commodity Prices, Brent Crude ",US Dollars
annual,IMF,PCPS,Primary Commodity Price System (PCPS),A.W00.POILBRE.USD,"Annual – All Countries, excluding the IO – Primary Commodity Prices, Brent Crude  – US Dollars",2024,2024-01-01,79.9117394049188,79.9117394049188,A,W00,POILBRE,USD,Annual,"All Countries, excluding the IO","Primary Commodity Prices, Brent Crude ",US Dollars
