serie,periode,valeur
IMF/PCPS/M.W00.POILBRE.USD,2015-01,48.93
IMF/PCPS/M.W00.POILBRE.USD,2015-02,58.25
IMF/PCPS/M.W00.POILBRE.USD,2015-03,56.52
IMF/PCPS/M.W00.POILBRE.USD,2015-04,59.83
IMF/PCPS/M.W00.POILBRE.USD,2015-05,65.19
IMF/PCPS/M.W00.POILBRE.USD,2015-06,62.62
IMF/PCPS/M.W00.POILBRE.USD,2015-07,56.83
IMF/PCPS/M.W00.POILBRE.USD,2015-08,47.53
IMF/PCPS/M.W00.POILBRE.USD,2015-09,48.03
IMF/PCPS/M.W00.POILBRE.USD,2015-10,48.91
IMF/PCPS/M.W00.POILBRE.USD,2015-11,45.1
IMF/PCPS/M.W00.POILBRE.USD,2015-12,38.53
IMF/PCPS/M.W00.POILBRE.USD,2016-01,32.05
IMF/PCPS/M.W00.POILBRE.USD,2016-02,33.76
IMF/PCPS/M.W00.POILBRE.USD,2016-03,39.79
IMF/PCPS/M.W00.POILBRE.USD,2016-04,43.33
IMF/PCPS/M.W00.POILBRE.USD,2016-05,47.73
IMF/PCPS/M.W00.POILBRE.USD,2016-06,49.88
IMF/PCPS/M.W00.POILBRE.USD,2016-07,46.6
IMF/PCPS/M.W00.POILBRE.USD,2016-08,47.05
IMF/PCPS/M.W00.POILBRE.USD,2016-09,47.38
IMF/PCPS/M.W00.POILBRE.USD,2016-10,51.41
IMF/PCPS/M.W00.POILBRE.USD,2016-11,46.94
IMF/PCPS/M.W00.POILBRE.USD,2016-12,55.02
IMF/PCPS/M.W00.POILBRE.USD,2017-01,55.71
IMF/PCPS/M.W00.POILBRE.USD,2017-02,56.1
IMF/PCPS/M.W00.POILBRE.USD,2017-03,52.66
IMF/PCPS/M.W00.POILBRE.USD,2017-04,53.98
IMF/PCPS/M.W00.POILBRE.USD,2017-05,51.37
IMF/PCPS/M.W00.POILBRE.USD,2017-06,47.65
IMF/PCPS/M.W00.POILBRE.USD,2017-07,49.25
IMF/PCPS/M.W00.POILBRE.USD,2017-08,51.93
IMF/PCPS/M.W00.POILBRE.USD,2017-09,55.56
IMF/PCPS/M.W00.POILBRE.USD,2017-10,57.54
IMF/PCPS/M.W00.POILBRE.USD,2017-11,62.84
IMF/PCPS/M.W00.POILBRE.USD,2017-12,64.06
IMF/PCPS/M.W00.POILBRE.USD,2018-01,68.89
IMF/PCPS/M.W00.POILBRE.USD,2018-02,65.7
IMF/PCPS/M.W00.POILBRE.USD,2018-03,66.89
IMF/PCPS/M.W00.POILBRE.USD,2018-04,71.93
IMF/PCPS/M.W00.POILBRE.USD,2018-05,76.93
IMF/PCPS/M.W00.POILBRE.USD,2018-06,75.8
IMF/PCPS/M.W00.POILBRE.USD,2018-07,75.23
IMF/PCPS/M.W00.POILBRE.USD,2018-08,73.85
IMF/PCPS/M.W00.POILBRE.USD,2018-09,79.16
IMF/PCPS/M.W00.POILBRE.USD,2018-10,80.78
IMF/PCPS/M.W00.POILBRE.USD,2018-11,66.23
IMF/PCPS/M.W00.POILBRE.USD,2018-12,57.95
IMF/PCPS/M.W00.POILBRE.USD,2019-01,59.94
IMF/PCPS/M.W00.POILBRE.USD,2019-02,64.38
IMF/PCPS/M.W00.POILBRE.USD,2019-03,66.94
IMF/PCPS/M.W00.POILBRE.USD,2019-04,71.48
IMF/PCPS/M.W00.POILBRE.USD,2019-05,70.39
IMF/PCPS/M.W00.POILBRE.USD,2019-06,63.21
IMF/PCPS/M.W00.POILBRE.USD,2019-07,64.32
IMF/PCPS/M.W00.POILBRE.USD,2019-08,59.62
IMF/PCPS/M.W00.POILBRE.USD,2019-09,62.43
IMF/PCPS/M.W00.POILBRE.USD,2019-10,59.63
IMF/PCPS/M.W00.POILBRE.USD,2019-11,62.69
IMF/PCPS/M.W00.POILBRE.USD,2019-12,65.35
IMF/PCPS/M.W00.POILBRE.USD,2020-01,63.9
IMF/PCPS/M.W00.POILBRE.USD,2020-02,55.69
IMF/PCPS/M.W00.POILBRE.USD,2020-03,33.95
IMF/PCPS/M.W00.POILBRE.USD,2020-04,26.85
IMF/PCPS/M.W00.POILBRE.USD,2020-05,32.42
IMF/PCPS/M.W00.POILBRE.USD,2020-06,40.86
IMF/PCPS/M.W00.POILBRE.USD,2020-07,43.3
IMF/PCPS/M.W00.POILBRE.USD,2020-08,45.08
IMF/PCPS/M.W00.POILBRE.USD,2020-09,41.93
IMF/PCPS/M.W00.POILBRE.USD,2020-10,41.61
IMF/PCPS/M.W00.POILBRE.USD,2020-11,44.05
IMF/PCPS/M.W00.POILBRE.USD,2020-12,50.38
IMF/PCPS/M.W00.POILBRE.USD,2021-01,55.22
IMF/PCPS/M.W00.POILBRE.USD,2021-02,62.36
IMF/PCPS/M.W00.POILBRE.USD,2021-03,65.8
IMF/PCPS/M.W00.POILBRE.USD,2021-04,65.53
IMF/PCPS/M.W00.POILBRE.USD,2021-05,68.38
IMF/PCPS/M.W00.POILBRE.USD,2021-06,73.51
IMF/PCPS/M.W00.POILBRE.USD,2021-07,74.4
IMF/PCPS/M.W00.POILBRE.USD,2021-08,70.59
IMF/PCPS/M.W00.POILBRE.USD,2021-09,74.75
IMF/PCPS/M.W00.POILBRE.USD,2021-10,83.87
IMF/PCPS/M.W00.POILBRE.USD,2021-11,80.89
IMF/PCPS/M.W00.POILBRE.USD,2021-12,74.68
IMF/PCPS/M.W00.POILBRE.USD,2022-01,85.62
IMF/PCPS/M.W00.POILBRE.USD,2022-02,94.27
IMF/PCPS/M.W00.POILBRE.USD,2022-03,112.44
IMF/PCPS/M.W00.POILBRE.USD,2022-04,106.16
IMF/PCPS/M.W00.POILBRE.USD,2022-05,112.11
IMF/PCPS/M.W00.POILBRE.USD,2022-06,117.69
IMF/PCPS/M.W00.POILBRE.USD,2022-07,105.25
IMF/PCPS/M.W00.POILBRE.USD,2022-08,97.64
IMF/PCPS/M.W00.POILBRE.USD,2022-09,90.61
IMF/PCPS/M.W00.POILBRE.USD,2022-10,93.72
IMF/PCPS/M.W00.POILBRE.USD,2022-11,90.94
IMF/PCPS/M.W00.POILBRE.USD,2022-12,81.5
IMF/PCPS/M.W00.POILBRE.USD,2023-01,84.08
IMF/PCPS/M.W00.POILBRE.USD,2023-02,83.63
IMF/PCPS/M.W00.POILBRE.USD,2023-03,79.26
IMF/PCPS/M.W00.POILBRE.USD,2023-04,83.54
IMF/PCPS/M.W00.POILBRE.USD,2023-05,75.75
IMF/PCPS/M.W00.POILBRE.USD,2023-06,74.97
IMF/PCPS/M.W00.POILBRE.USD,2023-07,80.11
IMF/PCPS/M.W00.POILBRE.USD,2023-08,85.17
IMF/PCPS/M.W00.POILBRE.USD,2023-09,92.67
IMF/PCPS/M.W00.POILBRE.USD,2023-10,88.95
IMF/PCPS/M.W00.POILBRE.USD,2023-11,82.19
IMF/PCPS/M.W00.POILBRE.USD,2023-12,77.54
IMF/PCPS/M.W00.POILBRE.USD,2024-01,79.11
IMF/PCPS/M.W00.POILBRE.USD,2024-02,81.8
IMF/PCPS/M.W00.POILBRE.USD,2024-03,84.96
IMF/PCPS/M.W00.POILBRE.USD,2024-04,88.97
IMF/PCPS/M.W00.POILBRE.USD,2024-05,83.05
IMF/PCPS/M.W00.POILBRE.USD,2024-06,82.92
IMF/PCPS/M.W00.POILBRE.USD,2024-07,84.05
IMF/PCPS/M.W00.POILBRE.USD,2024-08,79.02
IMF/PCPS/M.W00.POILBRE.USD,2024-09,73.06
IMF/PCPS/M.W00.POILBRE.USD,2024-10,75.27
IMF/PCPS/M.W00.POILBRE.USD,2024-11,73.51
IMF/PCPS/M.W00.POILBRE.USD,2024-12,73.23
IMF/PCPS/M.W00.POILBRE.USD,2025-01,78.19
IMF/PCPS/M.W00.POILBRE.USD,2025-02,75.19
IMF/PCPS/M.W00.POILBRE.USD,2025-03,71.74
IMF/PCPS/M.W00.POILBRE.USD,2025-04,66.93
IMF/PCPS/M.W00.POILBRE.USD,2025-05,64.09
IMF/PCPS/M.W00.POILBRE.USD,2025-06,69.85
IMF/PCPS/M.W00.PCOCO.USD,2015-01,2915.6
IMF/PCPS/M.W00.PCOCO.USD,2015-02,2961.94
IMF/PCPS/M.W00.PCOCO.USD,2015-03,2878.03
IMF/PCPS/M.W00.PCOCO.USD,2015-04,2868.27
IMF/PCPS/M.W00.PCOCO.USD,2015-05,3096.0
IMF/PCPS/M.W00.PCOCO.USD,2015-06,3239.88
IMF/PCPS/M.W00.PCOCO.USD,2015-07,3325.96
IMF/PCPS/M.W00.PCOCO.USD,2015-08,3154.02
IMF/PCPS/M.W00.PCOCO.USD,2015-09,3278.45
IMF/PCPS/M.W00.PCOCO.USD,2015-10,3197.34
IMF/PCPS/M.W00.PCOCO.USD,2015-11,3360.84
IMF/PCPS/M.W00.PCOCO.USD,2015-12,3345.66
IMF/PCPS/M.W00.PCOCO.USD,2016-01,2952.42
IMF/PCPS/M.W00.PCOCO.USD,2016-02,2916.37
IMF/PCPS/M.W00.PCOCO.USD,2016-03,3073.52
IMF/PCPS/M.W00.PCOCO.USD,2016-04,3078.49
IMF/PCPS/M.W00.PCOCO.USD,2016-05,3098.39
IMF/PCPS/M.W00.PCOCO.USD,2016-06,3122.75
IMF/PCPS/M.W00.PCOCO.USD,2016-07,3049.98
IMF/PCPS/M.W00.PCOCO.USD,2016-08,3032.49
IMF/PCPS/M.W00.PCOCO.USD,2016-09,2881.19
IMF/PCPS/M.W00.PCOCO.USD,2016-10,2711.35
IMF/PCPS/M.W00.PCOCO.USD,2016-11,2482.83
IMF/PCPS/M.W00.PCOCO.USD,2016-12,2295.31
IMF/PCPS/M.W00.PCOCO.USD,2017-01,2193.83
IMF/PCPS/M.W00.PCOCO.USD,2017-02,2034.08
IMF/PCPS/M.W00.PCOCO.USD,2017-03,2063.09
IMF/PCPS/M.W00.PCOCO.USD,2017-04,1961.16
IMF/PCPS/M.W00.PCOCO.USD,2017-05,1983.48
IMF/PCPS/M.W00.PCOCO.USD,2017-06,1998.25
IMF/PCPS/M.W00.PCOCO.USD,2017-07,1988.58
IMF/PCPS/M.W00.PCOCO.USD,2017-08,1988.56
IMF/PCPS/M.W00.PCOCO.USD,2017-09,1998.3
IMF/PCPS/M.W00.PCOCO.USD,2017-10,2097.05
IMF/PCPS/M.W00.PCOCO.USD,2017-11,2127.9
IMF/PCPS/M.W00.PCOCO.USD,2017-12,1917.78
IMF/PCPS/M.W00.PCOCO.USD,2018-01,1951.83
IMF/PCPS/M.W00.PCOCO.USD,2018-02,2122.8
IMF/PCPS/M.W00.PCOCO.USD,2018-03,2503.95
IMF/PCPS/M.W00.PCOCO.USD,2018-04,2624.74
IMF/PCPS/M.W00.PCOCO.USD,2018-05,2659.61
IMF/PCPS/M.W00.PCOCO.USD,2018-06,2410.76
IMF/PCPS/M.W00.PCOCO.USD,2018-07,2357.05
IMF/PCPS/M.W00.PCOCO.USD,2018-08,2171.61
IMF/PCPS/M.W00.PCOCO.USD,2018-09,2194.89
IMF/PCPS/M.W00.PCOCO.USD,2018-10,2134.2
IMF/PCPS/M.W00.PCOCO.USD,2018-11,2185.03
IMF/PCPS/M.W00.PCOCO.USD,2018-12,2208.41
IMF/PCPS/M.W00.PCOCO.USD,2019-01,2263.34
IMF/PCPS/M.W00.PCOCO.USD,2019-02,2255.8
IMF/PCPS/M.W00.PCOCO.USD,2019-03,2200.48
IMF/PCPS/M.W00.PCOCO.USD,2019-04,2331.13
IMF/PCPS/M.W00.PCOCO.USD,2019-05,2315.07
IMF/PCPS/M.W00.PCOCO.USD,2019-06,2407.73
IMF/PCPS/M.W00.PCOCO.USD,2019-07,2416.53
IMF/PCPS/M.W00.PCOCO.USD,2019-08,2194.7
IMF/PCPS/M.W00.PCOCO.USD,2019-09,2305.34
IMF/PCPS/M.W00.PCOCO.USD,2019-10,2435.27
IMF/PCPS/M.W00.PCOCO.USD,2019-11,2519.66
IMF/PCPS/M.W00.PCOCO.USD,2019-12,2444.79
IMF/PCPS/M.W00.PCOCO.USD,2020-01,2603.08
IMF/PCPS/M.W00.PCOCO.USD,2020-02,2716.21
IMF/PCPS/M.W00.PCOCO.USD,2020-03,2338.47
IMF/PCPS/M.W00.PCOCO.USD,2020-04,2270.24
IMF/PCPS/M.W00.PCOCO.USD,2020-05,2317.45
IMF/PCPS/M.W00.PCOCO.USD,2020-06,2228.62
IMF/PCPS/M.W00.PCOCO.USD,2020-07,2102.08
IMF/PCPS/M.W00.PCOCO.USD,2020-08,2348.68
IMF/PCPS/M.W00.PCOCO.USD,2020-09,2457.61
IMF/PCPS/M.W00.PCOCO.USD,2020-10,2292.05
IMF/PCPS/M.W00.PCOCO.USD,2020-11,2359.24
IMF/PCPS/M.W00.PCOCO.USD,2020-12,2405.76
IMF/PCPS/M.W00.PCOCO.USD,2021-01,2392.97
IMF/PCPS/M.W00.PCOCO.USD,2021-02,2383.03
IMF/PCPS/M.W00.PCOCO.USD,2021-03,2471.2
IMF/PCPS/M.W00.PCOCO.USD,2021-04,2366.49
IMF/PCPS/M.W00.PCOCO.USD,2021-05,2409.36
IMF/PCPS/M.W00.PCOCO.USD,2021-06,2366.29
IMF/PCPS/M.W00.PCOCO.USD,2021-07,2328.28
IMF/PCPS/M.W00.PCOCO.USD,2021-08,2477.5
IMF/PCPS/M.W00.PCOCO.USD,2021-09,2552.76
IMF/PCPS/M.W00.PCOCO.USD,2021-10,2573.73
IMF/PCPS/M.W00.PCOCO.USD,2021-11,2405.87
IMF/PCPS/M.W00.PCOCO.USD,2021-12,2378.73
IMF/PCPS/M.W00.PCOCO.USD,2022-01,2467.36
IMF/PCPS/M.W00.PCOCO.USD,2022-02,2551.33
IMF/PCPS/M.W00.PCOCO.USD,2022-03,2459.4
IMF/PCPS/M.W00.PCOCO.USD,2022-04,2457.38
IMF/PCPS/M.W00.PCOCO.USD,2022-05,2363.87
IMF/PCPS/M.W00.PCOCO.USD,2022-06,2323.12
IMF/PCPS/M.W00.PCOCO.USD,2022-07,2239.4
IMF/PCPS/M.W00.PCOCO.USD,2022-08,2270.1
IMF/PCPS/M.W00.PCOCO.USD,2022-09,2220.21
IMF/PCPS/M.W00.PCOCO.USD,2022-10,2243.63
IMF/PCPS/M.W00.PCOCO.USD,2022-11,2380.8
IMF/PCPS/M.W00.PCOCO.USD,2022-12,2456.23
IMF/PCPS/M.W00.PCOCO.USD,2023-01,2540.08
IMF/PCPS/M.W00.PCOCO.USD,2023-02,2586.53
IMF/PCPS/M.W00.PCOCO.USD,2023-03,2665.79
IMF/PCPS/M.W00.PCOCO.USD,2023-04,2823.27
IMF/PCPS/M.W00.PCOCO.USD,2023-05,2905.34
IMF/PCPS/M.W00.PCOCO.USD,2023-06,3124.44
IMF/PCPS/M.W00.PCOCO.USD,2023-07,3346.63
IMF/PCPS/M.W00.PCOCO.USD,2023-08,3434.41
IMF/PCPS/M.W00.PCOCO.USD,2023-09,3629.17
IMF/PCPS/M.W00.PCOCO.USD,2023-10,3691.61
IMF/PCPS/M.W00.PCOCO.USD,2023-11,4095.36
IMF/PCPS/M.W00.PCOCO.USD,2023-12,4253.9
IMF/PCPS/M.W00.PCOCO.USD,2024-01,4442.92
IMF/PCPS/M.W00.PCOCO.USD,2024-02,5640.09
IMF/PCPS/M.W00.PCOCO.USD,2024-03,7297.55
IMF/PCPS/M.W00.PCOCO.USD,2024-04,9865.21
IMF/PCPS/M.W00.PCOCO.USD,2024-05,7768.1
IMF/PCPS/M.W00.PCOCO.USD,2024-06,8380.13
IMF/PCPS/M.W00.PCOCO.USD,2024-07,7164.63
IMF/PCPS/M.W00.PCOCO.USD,2024-08,6791.95
IMF/PCPS/M.W00.PCOCO.USD,2024-09,6421.83
IMF/PCPS/M.W00.PCOCO.USD,2024-10,6582.86
IMF/PCPS/M.W00.PCOCO.USD,2024-11,7919.33
IMF/PCPS/M.W00.PCOCO.USD,2024-12,10412.19
IMF/PCPS/M.W00.PCOCO.USD,2025-01,10710.35
IMF/PCPS/M.W00.PCOCO.USD,2025-02,9792.66
IMF/PCPS/M.W00.PCOCO.USD,2025-03,8079.56
IMF/PCPS/M.W00.PCOCO.USD,2025-04,8132.22
IMF/PCPS/M.W00.PCOCO.USD,2025-05,9000.79
IMF/PCPS/M.W00.PCOCO.USD,2025-06,8401.95
IMF/PCPS/M.W00.PCOTTIND.USD,2015-01,67.35
IMF/PCPS/M.W00.PCOTTIND.USD,2015-02,69.84
IMF/PCPS/M.W00.PCOTTIND.USD,2015-03,69.35
IMF/PCPS/M.W00.PCOTTIND.USD,2015-04,71.7
IMF/PCPS/M.W00.PCOTTIND.USD,2015-05,72.86
IMF/PCPS/M.W00.PCOTTIND.USD,2015-06,72.35
IMF/PCPS/M.W00.PCOTTIND.USD,2015-07,72.35
IMF/PCPS/M.W00.PCOTTIND.USD,2015-08,71.82
IMF/PCPS/M.W00.PCOTTIND.USD,2015-09,68.74
IMF/PCPS/M.W00.PCOTTIND.USD,2015-10,69.03
IMF/PCPS/M.W00.PCOTTIND.USD,2015-11,69.22
IMF/PCPS/M.W00.PCOTTIND.USD,2015-12,70.39
IMF/PCPS/M.W00.PCOTTIND.USD,2016-01,68.75
IMF/PCPS/M.W00.PCOTTIND.USD,2016-02,66.57
IMF/PCPS/M.W00.PCOTTIND.USD,2016-03,65.46
IMF/PCPS/M.W00.PCOTTIND.USD,2016-04,69.28
IMF/PCPS/M.W00.PCOTTIND.USD,2016-05,70.28
IMF/PCPS/M.W00.PCOTTIND.USD,2016-06,74.1
IMF/PCPS/M.W00.PCOTTIND.USD,2016-07,81.06
IMF/PCPS/M.W00.PCOTTIND.USD,2016-08,80.26
IMF/PCPS/M.W00.PCOTTIND.USD,2016-09,77.86
IMF/PCPS/M.W00.PCOTTIND.USD,2016-10,78.52
IMF/PCPS/M.W00.PCOTTIND.USD,2016-11,78.92
IMF/PCPS/M.W00.PCOTTIND.USD,2016-12,79.5
IMF/PCPS/M.W00.PCOTTIND.USD,2017-01,82.33
IMF/PCPS/M.W00.PCOTTIND.USD,2017-02,85.16
IMF/PCPS/M.W00.PCOTTIND.USD,2017-03,86.78
IMF/PCPS/M.W00.PCOTTIND.USD,2017-04,87.04
IMF/PCPS/M.W00.PCOTTIND.USD,2017-05,88.64
IMF/PCPS/M.W00.PCOTTIND.USD,2017-06,84.76
IMF/PCPS/M.W00.PCOTTIND.USD,2017-07,84.09
IMF/PCPS/M.W00.PCOTTIND.USD,2017-08,79.34
IMF/PCPS/M.W00.PCOTTIND.USD,2017-09,80.6
IMF/PCPS/M.W00.PCOTTIND.USD,2017-10,78.6
IMF/PCPS/M.W00.PCOTTIND.USD,2017-11,80.41
IMF/PCPS/M.W00.PCOTTIND.USD,2017-12,85.42
IMF/PCPS/M.W00.PCOTTIND.USD,2018-01,91.06
IMF/PCPS/M.W00.PCOTTIND.USD,2018-02,88.27
IMF/PCPS/M.W00.PCOTTIND.USD,2018-03,92.14
IMF/PCPS/M.W00.PCOTTIND.USD,2018-04,92.24
IMF/PCPS/M.W00.PCOTTIND.USD,2018-05,94.48
IMF/PCPS/M.W00.PCOTTIND.USD,2018-06,97.71
IMF/PCPS/M.W00.PCOTTIND.USD,2018-07,96.18
IMF/PCPS/M.W00.PCOTTIND.USD,2018-08,94.55
IMF/PCPS/M.W00.PCOTTIND.USD,2018-09,90.36
IMF/PCPS/M.W00.PCOTTIND.USD,2018-10,86.8
IMF/PCPS/M.W00.PCOTTIND.USD,2018-11,86.78
IMF/PCPS/M.W00.PCOTTIND.USD,2018-12,86.0
IMF/PCPS/M.W00.PCOTTIND.USD,2019-01,82.35
IMF/PCPS/M.W00.PCOTTIND.USD,2019-02,81.15
IMF/PCPS/M.W00.PCOTTIND.USD,2019-03,83.81
IMF/PCPS/M.W00.PCOTTIND.USD,2019-04,87.25
IMF/PCPS/M.W00.PCOTTIND.USD,2019-05,80.14
IMF/PCPS/M.W00.PCOTTIND.USD,2019-06,77.65
IMF/PCPS/M.W00.PCOTTIND.USD,2019-07,75.54
IMF/PCPS/M.W00.PCOTTIND.USD,2019-08,70.78
IMF/PCPS/M.W00.PCOTTIND.USD,2019-09,71.31
IMF/PCPS/M.W00.PCOTTIND.USD,2019-10,73.88
IMF/PCPS/M.W00.PCOTTIND.USD,2019-11,74.86
IMF/PCPS/M.W00.PCOTTIND.USD,2019-12,75.83
IMF/PCPS/M.W00.PCOTTIND.USD,2020-01,79.07
IMF/PCPS/M.W00.PCOTTIND.USD,2020-02,76.57
IMF/PCPS/M.W00.PCOTTIND.USD,2020-03,67.69
IMF/PCPS/M.W00.PCOTTIND.USD,2020-04,63.53
IMF/PCPS/M.W00.PCOTTIND.USD,2020-05,65.7
IMF/PCPS/M.W00.PCOTTIND.USD,2020-06,67.8
IMF/PCPS/M.W00.PCOTTIND.USD,2020-07,68.52
IMF/PCPS/M.W00.PCOTTIND.USD,2020-08,70.0
IMF/PCPS/M.W00.PCOTTIND.USD,2020-09,70.81
IMF/PCPS/M.W00.PCOTTIND.USD,2020-10,74.82
IMF/PCPS/M.W00.PCOTTIND.USD,2020-11,77.72
IMF/PCPS/M.W00.PCOTTIND.USD,2020-12,81.02
IMF/PCPS/M.W00.PCOTTIND.USD,2021-01,87.23
IMF/PCPS/M.W00.PCOTTIND.USD,2021-02,92.76
IMF/PCPS/M.W00.PCOTTIND.USD,2021-03,91.45
IMF/PCPS/M.W00.PCOTTIND.USD,2021-04,90.73
IMF/PCPS/M.W00.PCOTTIND.USD,2021-05,90.89
IMF/PCPS/M.W00.PCOTTIND.USD,2021-06,94.5
IMF/PCPS/M.W00.PCOTTIND.USD,2021-07,97.7
IMF/PCPS/M.W00.PCOTTIND.USD,2021-08,101.3
IMF/PCPS/M.W00.PCOTTIND.USD,2021-09,103.68
IMF/PCPS/M.W00.PCOTTIND.USD,2021-10,117.38
IMF/PCPS/M.W00.PCOTTIND.USD,2021-11,126.54
IMF/PCPS/M.W00.PCOTTIND.USD,2021-12,120.04
IMF/PCPS/M.W00.PCOTTIND.USD,2022-01,132.33
IMF/PCPS/M.W00.PCOTTIND.USD,2022-02,138.41
IMF/PCPS/M.W00.PCOTTIND.USD,2022-03,141.13
IMF/PCPS/M.W00.PCOTTIND.USD,2022-04,155.32
IMF/PCPS/M.W00.PCOTTIND.USD,2022-05,163.98
IMF/PCPS/M.W00.PCOTTIND.USD,2022-06,154.45
IMF/PCPS/M.W00.PCOTTIND.USD,2022-07,131.04
IMF/PCPS/M.W00.PCOTTIND.USD,2022-08,124.76
IMF/PCPS/M.W00.PCOTTIND.USD,2022-09,117.94
IMF/PCPS/M.W00.PCOTTIND.USD,2022-10,100.28
IMF/PCPS/M.W00.PCOTTIND.USD,2022-11,101.17
IMF/PCPS/M.W00.PCOTTIND.USD,2022-12,100.89
IMF/PCPS/M.W00.PCOTTIND.USD,2023-01,100.31
IMF/PCPS/M.W00.PCOTTIND.USD,2023-02,99.43
IMF/PCPS/M.W00.PCOTTIND.USD,2023-03,95.39
IMF/PCPS/M.W00.PCOTTIND.USD,2023-04,95.13
IMF/PCPS/M.W00.PCOTTIND.USD,2023-05,93.88
IMF/PCPS/M.W00.PCOTTIND.USD,2023-06,92.42
IMF/PCPS/M.W00.PCOTTIND.USD,2023-07,93.27
IMF/PCPS/M.W00.PCOTTIND.USD,2023-08,96.0
IMF/PCPS/M.W00.PCOTTIND.USD,2023-09,97.77
IMF/PCPS/M.W00.PCOTTIND.USD,2023-10,95.69
IMF/PCPS/M.W00.PCOTTIND.USD,2023-11,90.43
IMF/PCPS/M.W00.PCOTTIND.USD,2023-12,90.41
IMF/PCPS/M.W00.PCOTTIND.USD,2024-01,92.11
IMF/PCPS/M.W00.PCOTTIND.USD,2024-02,99.35
IMF/PCPS/M.W00.PCOTTIND.USD,2024-03,99.56
IMF/PCPS/M.W00.PCOTTIND.USD,2024-04,90.6
IMF/PCPS/M.W00.PCOTTIND.USD,2024-05,85.89
IMF/PCPS/M.W00.PCOTTIND.USD,2024-06,83.24
IMF/PCPS/M.W00.PCOTTIND.USD,2024-07,81.38
IMF/PCPS/M.W00.PCOTTIND.USD,2024-08,79.93
IMF/PCPS/M.W00.PCOTTIND.USD,2024-09,82.56
IMF/PCPS/M.W00.PCOTTIND.USD,2024-10,83.69
IMF/PCPS/M.W00.PCOTTIND.USD,2024-11,81.55
IMF/PCPS/M.W00.PCOTTIND.USD,2024-12,79.9
IMF/PCPS/M.W00.PCOTTIND.USD,2025-01,78.24
IMF/PCPS/M.W00.PCOTTIND.USD,2025-02,78.1
IMF/PCPS/M.W00.PCOTTIND.USD,2025-03,77.64
IMF/PCPS/M.W00.PCOTTIND.USD,2025-04,78.28
IMF/PCPS/M.W00.PCOTTIND.USD,2025-05,77.99
IMF/PCPS/M.W00.PCOTTIND.USD,2025-06,78.19
IMF/PCPS/M.W00.PGOLD.USD,2015-01,1251.85
IMF/PCPS/M.W00.PGOLD.USD,2015-02,1227.19
IMF/PCPS/M.W00.PGOLD.USD,2015-03,1178.63
IMF/PCPS/M.W00.PGOLD.USD,2015-04,1197.91
IMF/PCPS/M.W00.PGOLD.USD,2015-05,1199.05
IMF/PCPS/M.W00.PGOLD.USD,2015-06,1181.5
IMF/PCPS/M.W00.PGOLD.USD,2015-07,1130.04
IMF/PCPS/M.W00.PGOLD.USD,2015-08,1117.47
IMF/PCPS/M.W00.PGOLD.USD,2015-09,1124.53
IMF/PCPS/M.W00.PGOLD.USD,2015-10,1159.25
IMF/PCPS/M.W00.PGOLD.USD,2015-11,1085.7
IMF/PCPS/M.W00.PGOLD.USD,2015-12,1068.25
IMF/PCPS/M.W00.PGOLD.USD,2016-01,1097.38
IMF/PCPS/M.W00.PGOLD.USD,2016-02,1199.91
IMF/PCPS/M.W00.PGOLD.USD,2016-03,1246.34
IMF/PCPS/M.W00.PGOLD.USD,2016-04,1242.26
IMF/PCPS/M.W00.PGOLD.USD,2016-05,1259.4
IMF/PCPS/M.W00.PGOLD.USD,2016-06,1276.4
IMF/PCPS/M.W00.PGOLD.USD,2016-07,1337.33
IMF/PCPS/M.W00.PGOLD.USD,2016-08,1341.09
IMF/PCPS/M.W00.PGOLD.USD,2016-09,1326.03
IMF/PCPS/M.W00.PGOLD.USD,2016-10,1266.57
IMF/PCPS/M.W00.PGOLD.USD,2016-11,1235.98
IMF/PCPS/M.W00.PGOLD.USD,2016-12,1151.4
IMF/PCPS/M.W00.PGOLD.USD,2017-01,1192.62
IMF/PCPS/M.W00.PGOLD.USD,2017-02,1234.36
IMF/PCPS/M.W00.PGOLD.USD,2017-03,1231.09
IMF/PCPS/M.W00.PGOLD.USD,2017-04,1265.63
IMF/PCPS/M.W00.PGOLD.USD,2017-05,1245.0
IMF/PCPS/M.W00.PGOLD.USD,2017-06,1260.26
IMF/PCPS/M.W00.PGOLD.USD,2017-07,1236.22
IMF/PCPS/M.W00.PGOLD.USD,2017-08,1282.32
IMF/PCPS/M.W00.PGOLD.USD,2017-09,1314.98
IMF/PCPS/M.W00.PGOLD.USD,2017-10,1279.51
IMF/PCPS/M.W00.PGOLD.USD,2017-11,1282.28
IMF/PCPS/M.W00.PGOLD.USD,2017-12,1261.26
IMF/PCPS/M.W00.PGOLD.USD,2018-01,1331.67
IMF/PCPS/M.W00.PGOLD.USD,2018-02,1331.53
IMF/PCPS/M.W00.PGOLD.USD,2018-03,1324.66
IMF/PCPS/M.W00.PGOLD.USD,2018-04,1334.74
IMF/PCPS/M.W00.PGOLD.USD,2018-05,1303.03
IMF/PCPS/M.W00.PGOLD.USD,2018-06,1281.57
IMF/PCPS/M.W00.PGOLD.USD,2018-07,1238.53
IMF/PCPS/M.W00.PGOLD.USD,2018-08,1201.25
IMF/PCPS/M.W00.PGOLD.USD,2018-09,1198.47
IMF/PCPS/M.W00.PGOLD.USD,2018-10,1215.39
IMF/PCPS/M.W00.PGOLD.USD,2018-11,1220.95
IMF/PCPS/M.W00.PGOLD.USD,2018-12,1247.92
IMF/PCPS/M.W00.PGOLD.USD,2019-01,1291.75
IMF/PCPS/M.W00.PGOLD.USD,2019-02,1320.07
IMF/PCPS/M.W00.PGOLD.USD,2019-03,1300.9
IMF/PCPS/M.W00.PGOLD.USD,2019-04,1286.44
IMF/PCPS/M.W00.PGOLD.USD,2019-05,1283.95
IMF/PCPS/M.W00.PGOLD.USD,2019-06,1359.04
IMF/PCPS/M.W00.PGOLD.USD,2019-07,1412.98
IMF/PCPS/M.W00.PGOLD.USD,2019-08,1498.8
IMF/PCPS/M.W00.PGOLD.USD,2019-09,1511.31
IMF/PCPS/M.W00.PGOLD.USD,2019-10,1494.8
IMF/PCPS/M.W00.PGOLD.USD,2019-11,1470.02
IMF/PCPS/M.W00.PGOLD.USD,2019-12,1476.04
IMF/PCPS/M.W00.PGOLD.USD,2020-01,1560.67
IMF/PCPS/M.W00.PGOLD.USD,2020-02,1597.1
IMF/PCPS/M.W00.PGOLD.USD,2020-03,1591.93
IMF/PCPS/M.W00.PGOLD.USD,2020-04,1682.93
IMF/PCPS/M.W00.PGOLD.USD,2020-05,1716.38
IMF/PCPS/M.W00.PGOLD.USD,2020-06,1732.22
IMF/PCPS/M.W00.PGOLD.USD,2020-07,1843.31
IMF/PCPS/M.W00.PGOLD.USD,2020-08,1968.03
IMF/PCPS/M.W00.PGOLD.USD,2020-09,1922.21
IMF/PCPS/M.W00.PGOLD.USD,2020-10,1900.28
IMF/PCPS/M.W00.PGOLD.USD,2020-11,1863.49
IMF/PCPS/M.W00.PGOLD.USD,2020-12,1855.96
IMF/PCPS/M.W00.PGOLD.USD,2021-01,1866.98
IMF/PCPS/M.W00.PGOLD.USD,2021-02,1808.17
IMF/PCPS/M.W00.PGOLD.USD,2021-03,1718.23
IMF/PCPS/M.W00.PGOLD.USD,2021-04,1761.68
IMF/PCPS/M.W00.PGOLD.USD,2021-05,1855.56
IMF/PCPS/M.W00.PGOLD.USD,2021-06,1834.57
IMF/PCPS/M.W00.PGOLD.USD,2021-07,1807.09
IMF/PCPS/M.W00.PGOLD.USD,2021-08,1783.97
IMF/PCPS/M.W00.PGOLD.USD,2021-09,1777.25
IMF/PCPS/M.W00.PGOLD.USD,2021-10,1776.85
IMF/PCPS/M.W00.PGOLD.USD,2021-11,1820.23
IMF/PCPS/M.W00.PGOLD.USD,2021-12,1786.65
IMF/PCPS/M.W00.PGOLD.USD,2022-01,1816.77
IMF/PCPS/M.W00.PGOLD.USD,2022-02,1856.3
IMF/PCPS/M.W00.PGOLD.USD,2022-03,1947.83
IMF/PCPS/M.W00.PGOLD.USD,2022-04,1933.9
IMF/PCPS/M.W00.PGOLD.USD,2022-05,1849.83
IMF/PCPS/M.W00.PGOLD.USD,2022-06,1837.06
IMF/PCPS/M.W00.PGOLD.USD,2022-07,1737.38
IMF/PCPS/M.W00.PGOLD.USD,2022-08,1764.13
IMF/PCPS/M.W00.PGOLD.USD,2022-09,1683.21
IMF/PCPS/M.W00.PGOLD.USD,2022-10,1666.63
IMF/PCPS/M.W00.PGOLD.USD,2022-11,1727.9
IMF/PCPS/M.W00.PGOLD.USD,2022-12,1797.41
IMF/PCPS/M.W00.PGOLD.USD,2023-01,1896.06
IMF/PCPS/M.W00.PGOLD.USD,2023-02,1853.41
IMF/PCPS/M.W00.PGOLD.USD,2023-03,1913.65
IMF/PCPS/M.W00.PGOLD.USD,2023-04,1999.67
IMF/PCPS/M.W00.PGOLD.USD,2023-05,1989.83
IMF/PCPS/M.W00.PGOLD.USD,2023-06,1944.73
IMF/PCPS/M.W00.PGOLD.USD,2023-07,1950.27
IMF/PCPS/M.W00.PGOLD.USD,2023-08,1919.3
IMF/PCPS/M.W00.PGOLD.USD,2023-09,1915.43
IMF/PCPS/M.W00.PGOLD.USD,2023-10,1913.98
IMF/PCPS/M.W00.PGOLD.USD,2023-11,1985.78
IMF/PCPS/M.W00.PGOLD.USD,2023-12,2034.7
IMF/PCPS/M.W00.PGOLD.USD,2024-01,2034.01
IMF/PCPS/M.W00.PGOLD.USD,2024-02,2024.45
IMF/PCPS/M.W00.PGOLD.USD,2024-03,2162.35
IMF/PCPS/M.W00.PGOLD.USD,2024-04,2333.55
IMF/PCPS/M.W00.PGOLD.USD,2024-05,2350.6
IMF/PCPS/M.W00.PGOLD.USD,2024-06,2328.26
IMF/PCPS/M.W00.PGOLD.USD,2024-07,2393.96
IMF/PCPS/M.W00.PGOLD.USD,2024-08,2468.33
IMF/PCPS/M.W00.PGOLD.USD,2024-09,2569.05
IMF/PCPS/M.W00.PGOLD.USD,2024-10,2689.13
IMF/PCPS/M.W00.PGOLD.USD,2024-11,2652.2
IMF/PCPS/M.W00.PGOLD.USD,2024-12,2640.61
IMF/PCPS/M.W00.PGOLD.USD,2025-01,2707.47
IMF/PCPS/M.W00.PGOLD.USD,2025-02,2894.38
IMF/PCPS/M.W00.PGOLD.USD,2025-03,2986.26
IMF/PCPS/M.W00.PGOLD.USD,2025-04,3222.01
IMF/PCPS/M.W00.PGOLD.USD,2025-05,3288.01
IMF/PCPS/M.W00.PGOLD.USD,2025-06,3351.86
IMF/PCPS/M.W00.PURAN.USD,2015-01,35.9
IMF/PCPS/M.W00.PURAN.USD,2015-02,38.19
IMF/PCPS/M.W00.PURAN.USD,2015-03,39.32
IMF/PCPS/M.W00.PURAN.USD,2015-04,38.84
IMF/PCPS/M.W00.PURAN.USD,2015-05,35.69
IMF/PCPS/M.W00.PURAN.USD,2015-06,36.05
IMF/PCPS/M.W00.PURAN.USD,2015-07,36.28
IMF/PCPS/M.W00.PURAN.USD,2015-08,36.1
IMF/PCPS/M.W00.PURAN.USD,2015-09,37.06
IMF/PCPS/M.W00.PURAN.USD,2015-10,37.24
IMF/PCPS/M.W00.PURAN.USD,2015-11,35.96
IMF/PCPS/M.W00.PURAN.USD,2015-12,35.16
IMF/PCPS/M.W00.PURAN.USD,2016-01,34.69
IMF/PCPS/M.W00.PURAN.USD,2016-02,34.01
IMF/PCPS/M.W00.PURAN.USD,2016-03,30.11
IMF/PCPS/M.W00.PURAN.USD,2016-04,27.82
IMF/PCPS/M.W00.PURAN.USD,2016-05,27.95
IMF/PCPS/M.W00.PURAN.USD,2016-06,27.35
IMF/PCPS/M.W00.PURAN.USD,2016-07,25.85
IMF/PCPS/M.W00.PURAN.USD,2016-08,25.9
IMF/PCPS/M.W00.PURAN.USD,2016-09,24.88
IMF/PCPS/M.W00.PURAN.USD,2016-10,21.49
IMF/PCPS/M.W00.PURAN.USD,2016-11,18.57
IMF/PCPS/M.W00.PURAN.USD,2016-12,19.22
IMF/PCPS/M.W00.PURAN.USD,2017-01,22.17
IMF/PCPS/M.W00.PURAN.USD,2017-02,25.15
IMF/PCPS/M.W00.PURAN.USD,2017-03,24.64
IMF/PCPS/M.W00.PURAN.USD,2017-04,23.25
IMF/PCPS/M.W00.PURAN.USD,2017-05,21.64
IMF/PCPS/M.W00.PURAN.USD,2017-06,19.75
IMF/PCPS/M.W00.PURAN.USD,2017-07,20.36
IMF/PCPS/M.W00.PURAN.USD,2017-08,20.41
IMF/PCPS/M.W00.PURAN.USD,2017-09,20.43
IMF/PCPS/M.W00.PURAN.USD,2017-10,20.23
IMF/PCPS/M.W00.PURAN.USD,2017-11,22.35
IMF/PCPS/M.W00.PURAN.USD,2017-12,24.69
IMF/PCPS/M.W00.PURAN.USD,2018-01,23.37
IMF/PCPS/M.W00.PURAN.USD,2018-02,21.76
IMF/PCPS/M.W00.PURAN.USD,2018-03,21.73
IMF/PCPS/M.W00.PURAN.USD,2018-04,20.85
IMF/PCPS/M.W00.PURAN.USD,2018-05,21.98
IMF/PCPS/M.W00.PURAN.USD,2018-06,23.07
IMF/PCPS/M.W00.PURAN.USD,2018-07,23.42
IMF/PCPS/M.W00.PURAN.USD,2018-08,26.05
IMF/PCPS/M.W00.PURAN.USD,2018-09,27.11
IMF/PCPS/M.W00.PURAN.USD,2018-10,27.51
IMF/PCPS/M.W00.PURAN.USD,2018-11,28.93
IMF/PCPS/M.W00.PURAN.USD,2018-12,28.76
IMF/PCPS/M.W00.PURAN.USD,2019-01,28.71
IMF/PCPS/M.W00.PURAN.USD,2019-02,28.64
IMF/PCPS/M.W00.PURAN.USD,2019-03,27.2
IMF/PCPS/M.W00.PURAN.USD,2019-04,25.7
IMF/PCPS/M.W00.PURAN.USD,2019-05,24.68
IMF/PCPS/M.W00.PURAN.USD,2019-06,24.48
IMF/PCPS/M.W00.PURAN.USD,2019-07,25.23
IMF/PCPS/M.W00.PURAN.USD,2019-08,25.28
IMF/PCPS/M.W00.PURAN.USD,2019-09,25.41
IMF/PCPS/M.W00.PURAN.USD,2019-10,24.92
IMF/PCPS/M.W00.PURAN.USD,2019-11,24.99
IMF/PCPS/M.W00.PURAN.USD,2019-12,25.62
IMF/PCPS/M.W00.PURAN.USD,2020-01,24.64
IMF/PCPS/M.W00.PURAN.USD,2020-02,24.69
IMF/PCPS/M.W00.PURAN.USD,2020-03,24.66
IMF/PCPS/M.W00.PURAN.USD,2020-04,29.96
IMF/PCPS/M.W00.PURAN.USD,2020-05,33.51
IMF/PCPS/M.W00.PURAN.USD,2020-06,33.09
IMF/PCPS/M.W00.PURAN.USD,2020-07,32.36
IMF/PCPS/M.W00.PURAN.USD,2020-08,31.38
IMF/PCPS/M.W00.PURAN.USD,2020-09,29.98
IMF/PCPS/M.W00.PURAN.USD,2020-10,29.64
IMF/PCPS/M.W00.PURAN.USD,2020-11,29.49
IMF/PCPS/M.W00.PURAN.USD,2020-12,29.77
IMF/PCPS/M.W00.PURAN.USD,2021-01,29.86
IMF/PCPS/M.W00.PURAN.USD,2021-02,28.66
IMF/PCPS/M.W00.PURAN.USD,2021-03,28.33
IMF/PCPS/M.W00.PURAN.USD,2021-04,29.75
IMF/PCPS/M.W00.PURAN.USD,2021-05,30.26
IMF/PCPS/M.W00.PURAN.USD,2021-06,32.14
IMF/PCPS/M.W00.PURAN.USD,2021-07,32.34
IMF/PCPS/M.W00.PURAN.USD,2021-08,32.15
IMF/PCPS/M.W00.PURAN.USD,2021-09,45.08
IMF/PCPS/M.W00.PURAN.USD,2021-10,38.48
IMF/PCPS/M.W00.PURAN.USD,2021-11,31.1
IMF/PCPS/M.W00.PURAN.USD,2021-12,36.13
IMF/PCPS/M.W00.PURAN.USD,2022-01,36.87
IMF/PCPS/M.W00.PURAN.USD,2022-02,35.83
IMF/PCPS/M.W00.PURAN.USD,2022-03,45.51
IMF/PCPS/M.W00.PURAN.USD,2022-04,48.7
IMF/PCPS/M.W00.PURAN.USD,2022-05,40.89
IMF/PCPS/M.W00.PURAN.USD,2022-06,40.33
IMF/PCPS/M.W00.PURAN.USD,2022-07,38.94
IMF/PCPS/M.W00.PURAN.USD,2022-08,39.8
IMF/PCPS/M.W00.PURAN.USD,2022-09,40.95
IMF/PCPS/M.W00.PURAN.USD,2022-10,41.3
IMF/PCPS/M.W00.PURAN.USD,2022-11,40.95
IMF/PCPS/M.W00.PURAN.USD,2022-12,39.18
IMF/PCPS/M.W00.PURAN.USD,2023-01,40.06
IMF/PCPS/M.W00.PURAN.USD,2023-02,41.31
IMF/PCPS/M.W00.PURAN.USD,2023-03,40.74
IMF/PCPS/M.W00.PURAN.USD,2023-04,41.76
IMF/PCPS/M.W00.PURAN.USD,2023-05,43.46
IMF/PCPS/M.W00.PURAN.USD,2023-06,45.7
IMF/PCPS/M.W00.PURAN.USD,2023-07,45.25
IMF/PCPS/M.W00.PURAN.USD,2023-08,46.38
IMF/PCPS/M.W00.PURAN.USD,2023-09,53.2
IMF/PCPS/M.W00.PURAN.USD,2023-10,57.65
IMF/PCPS/M.W00.PURAN.USD,2023-11,62.29
IMF/PCPS/M.W00.PURAN.USD,2023-12,70.06
IMF/PCPS/M.W00.PURAN.USD,2024-01,80.36
IMF/PCPS/M.W00.PURAN.USD,2024-02,81.32
IMF/PCPS/M.W00.PURAN.USD,2024-03,71.81
IMF/PCPS/M.W00.PURAN.USD,2024-04,71.64
IMF/PCPS/M.W00.PURAN.USD,2024-05,73.95
IMF/PCPS/M.W00.PURAN.USD,2024-06,69.19
IMF/PCPS/M.W00.PURAN.USD,2024-07,68.25
IMF/PCPS/M.W00.PURAN.USD,2024-08,65.29
IMF/PCPS/M.W00.PURAN.USD,2024-09,64.63
IMF/PCPS/M.W00.PURAN.USD,2024-10,66.51
IMF/PCPS/M.W00.PURAN.USD,2024-11,63.16
IMF/PCPS/M.W00.PURAN.USD,2024-12,60.22
IMF/PCPS/M.W00.PURAN.USD,2025-01,58.96
IMF/PCPS/M.W00.PURAN.USD,2025-02,54.32
IMF/PCPS/M.W00.PURAN.USD,2025-03,51.83
IMF/PCPS/M.W00.PURAN.USD,2025-04,52.69
IMF/PCPS/M.W00.PURAN.USD,2025-05,57.31
IMF/PCPS/M.W00.PURAN.USD,2025-06,59.58
IMF/PCPS/M.W00.PGNUTS.USD,2015-01,1951.39
IMF/PCPS/M.W00.PGNUTS.USD,2015-02,2028.17
IMF/PCPS/M.W00.PGNUTS.USD,2015-03,2070.86
IMF/PCPS/M.W00.PGNUTS.USD,2015-04,2017.27
IMF/PCPS/M.W00.PGNUTS.USD,2015-05,2044.78
IMF/PCPS/M.W00.PGNUTS.USD,2015-06,2008.05
IMF/PCPS/M.W00.PGNUTS.USD,2015-07,2063.58
IMF/PCPS/M.W00.PGNUTS.USD,2015-08,2042.48
IMF/PCPS/M.W00.PGNUTS.USD,2015-09,1932.51
IMF/PCPS/M.W00.PGNUTS.USD,2015-10,1821.83
IMF/PCPS/M.W00.PGNUTS.USD,2015-11,1716.71
IMF/PCPS/M.W00.PGNUTS.USD,2015-12,1656.92
IMF/PCPS/M.W00.PGNUTS.USD,2016-01,1800.45
IMF/PCPS/M.W00.PGNUTS.USD,2016-02,1851.99
IMF/PCPS/M.W00.PGNUTS.USD,2016-03,1811.52
IMF/PCPS/M.W00.PGNUTS.USD,2016-04,1865.33
IMF/PCPS/M.W00.PGNUTS.USD,2016-05,1830.17
IMF/PCPS/M.W00.PGNUTS.USD,2016-06,1870.58
IMF/PCPS/M.W00.PGNUTS.USD,2016-07,1816.1
IMF/PCPS/M.W00.PGNUTS.USD,2016-08,1789.25
IMF/PCPS/M.W00.PGNUTS.USD,2016-09,1808.65
IMF/PCPS/M.W00.PGNUTS.USD,2016-10,1727.29
IMF/PCPS/M.W00.PGNUTS.USD,2016-11,1665.03
IMF/PCPS/M.W00.PGNUTS.USD,2016-12,1743.21
IMF/PCPS/M.W00.PGNUTS.USD,2017-01,1820.95
IMF/PCPS/M.W00.PGNUTS.USD,2017-02,1806.41
IMF/PCPS/M.W00.PGNUTS.USD,2017-03,1882.51
IMF/PCPS/M.W00.PGNUTS.USD,2017-04,1847.96
IMF/PCPS/M.W00.PGNUTS.USD,2017-05,1814.88
IMF/PCPS/M.W00.PGNUTS.USD,2017-06,1878.05
IMF/PCPS/M.W00.PGNUTS.USD,2017-07,1894.78
IMF/PCPS/M.W00.PGNUTS.USD,2017-08,1952.25
IMF/PCPS/M.W00.PGNUTS.USD,2017-09,2034.65
IMF/PCPS/M.W00.PGNUTS.USD,2017-10,2167.92
IMF/PCPS/M.W00.PGNUTS.USD,2017-11,2067.34
IMF/PCPS/M.W00.PGNUTS.USD,2017-12,2225.14
IMF/PCPS/M.W00.PGNUTS.USD,2018-01,2130.38
IMF/PCPS/M.W00.PGNUTS.USD,2018-02,2061.02
IMF/PCPS/M.W00.PGNUTS.USD,2018-03,2132.35
IMF/PCPS/M.W00.PGNUTS.USD,2018-04,2118.86
IMF/PCPS/M.W00.PGNUTS.USD,2018-05,2160.21
IMF/PCPS/M.W00.PGNUTS.USD,2018-06,2180.51
IMF/PCPS/M.W00.PGNUTS.USD,2018-07,1992.24
IMF/PCPS/M.W00.PGNUTS.USD,2018-08,2137.1
IMF/PCPS/M.W00.PGNUTS.USD,2018-09,2143.63
IMF/PCPS/M.W00.PGNUTS.USD,2018-10,2025.77
IMF/PCPS/M.W00.PGNUTS.USD,2018-11,1851.69
IMF/PCPS/M.W00.PGNUTS.USD,2018-12,1646.77
IMF/PCPS/M.W00.PGNUTS.USD,2019-01,1707.33
IMF/PCPS/M.W00.PGNUTS.USD,2019-02,1955.39
IMF/PCPS/M.W00.PGNUTS.USD,2019-03,1442.02
IMF/PCPS/M.W00.PGNUTS.USD,2019-04,1942.17
IMF/PCPS/M.W00.PGNUTS.USD,2019-05,1928.31
IMF/PCPS/M.W00.PGNUTS.USD,2019-06,1951.83
IMF/PCPS/M.W00.PGNUTS.USD,2019-07,1907.72
IMF/PCPS/M.W00.PGNUTS.USD,2019-08,1928.99
IMF/PCPS/M.W00.PGNUTS.USD,2019-09,1901.22
IMF/PCPS/M.W00.PGNUTS.USD,2019-10,1869.07
IMF/PCPS/M.W00.PGNUTS.USD,2019-11,1778.37
IMF/PCPS/M.W00.PGNUTS.USD,2019-12,1840.71
IMF/PCPS/M.W00.PGNUTS.USD,2020-01,1890.5
IMF/PCPS/M.W00.PGNUTS.USD,2020-02,1922.36
IMF/PCPS/M.W00.PGNUTS.USD,2020-03,1910.99
IMF/PCPS/M.W00.PGNUTS.USD,2020-04,1914.5
IMF/PCPS/M.W00.PGNUTS.USD,2020-05,1942.17
IMF/PCPS/M.W00.PGNUTS.USD,2020-06,1947.88
IMF/PCPS/M.W00.PGNUTS.USD,2020-07,1959.39
IMF/PCPS/M.W00.PGNUTS.USD,2020-08,1927.45
IMF/PCPS/M.W00.PGNUTS.USD,2020-09,1918.89
IMF/PCPS/M.W00.PGNUTS.USD,2020-10,1943.93
IMF/PCPS/M.W00.PGNUTS.USD,2020-11,1978.52
IMF/PCPS/M.W00.PGNUTS.USD,2020-12,1970.74
IMF/PCPS/M.W00.PGNUTS.USD,2021-01,1962.42
IMF/PCPS/M.W00.PGNUTS.USD,2021-02,1942.65
IMF/PCPS/M.W00.PGNUTS.USD,2021-03,2030.81
IMF/PCPS/M.W00.PGNUTS.USD,2021-04,2009.81
IMF/PCPS/M.W00.PGNUTS.USD,2021-05,2026.37
IMF/PCPS/M.W00.PGNUTS.USD,2021-06,2016.4
IMF/PCPS/M.W00.PGNUTS.USD,2021-07,2084.91
IMF/PCPS/M.W00.PGNUTS.USD,2021-08,2051.97
IMF/PCPS/M.W00.PGNUTS.USD,2021-09,2079.64
IMF/PCPS/M.W00.PGNUTS.USD,2021-10,2233.89
IMF/PCPS/M.W00.PGNUTS.USD,2021-11,2309.35
IMF/PCPS/M.W00.PGNUTS.USD,2021-12,2282.04
IMF/PCPS/M.W00.PGNUTS.USD,2022-01,2374.22
IMF/PCPS/M.W00.PGNUTS.USD,2022-02,2355.24
IMF/PCPS/M.W00.PGNUTS.USD,2022-03,2403.03
IMF/PCPS/M.W00.PGNUTS.USD,2022-04,2362.26
IMF/PCPS/M.W00.PGNUTS.USD,2022-05,2352.39
IMF/PCPS/M.W00.PGNUTS.USD,2022-06,2336.58
IMF/PCPS/M.W00.PGNUTS.USD,2022-07,2405.97
IMF/PCPS/M.W00.PGNUTS.USD,2022-08,2412.27
IMF/PCPS/M.W00.PGNUTS.USD,2022-09,2452.09
IMF/PCPS/M.W00.PGNUTS.USD,2022-10,2514.56
IMF/PCPS/M.W00.PGNUTS.USD,2022-11,2614.6
IMF/PCPS/M.W00.PGNUTS.USD,2022-12,2530.71
IMF/PCPS/M.W00.PGNUTS.USD,2023-01,2401.14
IMF/PCPS/M.W00.PGNUTS.USD,2023-02,2601.64
IMF/PCPS/M.W00.PGNUTS.USD,2023-03,2582.84
IMF/PCPS/M.W00.PGNUTS.USD,2023-04,2474.58
IMF/PCPS/M.W00.PGNUTS.USD,2023-05,2653.0
IMF/PCPS/M.W00.PGNUTS.USD,2023-06,2697.61
IMF/PCPS/M.W00.PGNUTS.USD,2023-07,2701.83
IMF/PCPS/M.W00.PGNUTS.USD,2023-08,2535.37
IMF/PCPS/M.W00.PGNUTS.USD,2023-09,2549.53
IMF/PCPS/M.W00.PGNUTS.USD,2023-10,2407.29
IMF/PCPS/M.W00.PGNUTS.USD,2023-11,2603.62
IMF/PCPS/M.W00.PGNUTS.USD,2023-12,2338.33
IMF/PCPS/M.W00.PGNUTS.USD,2024-01,2511.42
IMF/PCPS/M.W00.PGNUTS.USD,2024-02,2397.23
IMF/PCPS/M.W00.PGNUTS.USD,2024-03,2574.84
IMF/PCPS/M.W00.PGNUTS.USD,2024-04,2642.27
IMF/PCPS/M.W00.PGNUTS.USD,2024-05,2543.35
IMF/PCPS/M.W00.PGNUTS.USD,2024-06,2474.58
IMF/PCPS/M.W00.PGNUTS.USD,2024-07,2592.08
IMF/PCPS/M.W00.PGNUTS.USD,2024-08,2503.48
IMF/PCPS/M.W00.PGNUTS.USD,2024-09,2559.65
IMF/PCPS/M.W00.PGNUTS.USD,2024-10,2392.11
IMF/PCPS/M.W00.PGNUTS.USD,2024-11,2350.3
IMF/PCPS/M.W00.PGNUTS.USD,2024-12,2245.66
IMF/PCPS/M.W00.PGNUTS.USD,2025-01,2444.62
IMF/PCPS/M.W00.PGNUTS.USD,2025-02,2438.82
IMF/PCPS/M.W00.PGNUTS.USD,2025-03,2398.15
IMF/PCPS/M.W00.PGNUTS.USD,2025-04,2449.01
IMF/PCPS/M.W00.PGNUTS.USD,2025-05,2414.76
IMF/PCPS/M.W00.PGNUTS.USD,2025-06,2509.96
IMF/PCPS/M.W00.PRICENPQ.USD,2015-01,409.68
IMF/PCPS/M.W00.PRICENPQ.USD,2015-02,409.5
IMF/PCPS/M.W00.PRICENPQ.USD,2015-03,400.73
IMF/PCPS/M.W00.PRICENPQ.USD,2015-04,392.41
IMF/PCPS/M.W00.PRICENPQ.USD,2015-05,382.43
IMF/PCPS/M.W00.PRICENPQ.USD,2015-06,370.55
IMF/PCPS/M.W00.PRICENPQ.USD,2015-07,387.74
IMF/PCPS/M.W00.PRICENPQ.USD,2015-08,375.57
IMF/PCPS/M.W00.PRICENPQ.USD,2015-09,358.77
IMF/PCPS/M.W00.PRICENPQ.USD,2015-10,360.45
IMF/PCPS/M.W00.PRICENPQ.USD,2015-11,358.38
IMF/PCPS/M.W00.PRICENPQ.USD,2015-12,354.35
IMF/PCPS/M.W00.PRICENPQ.USD,2016-01,359.48
IMF/PCPS/M.W00.PRICENPQ.USD,2016-02,373.19
IMF/PCPS/M.W00.PRICENPQ.USD,2016-03,370.48
IMF/PCPS/M.W00.PRICENPQ.USD,2016-04,376.05
IMF/PCPS/M.W00.PRICENPQ.USD,2016-05,408.82
IMF/PCPS/M.W00.PRICENPQ.USD,2016-06,420.68
IMF/PCPS/M.W00.PRICENPQ.USD,2016-07,456.24
IMF/PCPS/M.W00.PRICENPQ.USD,2016-08,414.22
IMF/PCPS/M.W00.PRICENPQ.USD,2016-09,384.0
IMF/PCPS/M.W00.PRICENPQ.USD,2016-10,367.67
IMF/PCPS/M.W00.PRICENPQ.USD,2016-11,360.82
IMF/PCPS/M.W00.PRICENPQ.USD,2016-12,367.55
IMF/PCPS/M.W00.PRICENPQ.USD,2017-01,372.55
IMF/PCPS/M.W00.PRICENPQ.USD,2017-02,368.5
IMF/PCPS/M.W00.PRICENPQ.USD,2017-03,367.78
IMF/PCPS/M.W00.PRICENPQ.USD,2017-04,374.5
IMF/PCPS/M.W00.PRICENPQ.USD,2017-05,402.91
IMF/PCPS/M.W00.PRICENPQ.USD,2017-06,444.68
IMF/PCPS/M.W00.PRICENPQ.USD,2017-07,419.95
IMF/PCPS/M.W00.PRICENPQ.USD,2017-08,405.65
IMF/PCPS/M.W00.PRICENPQ.USD,2017-09,413.14
IMF/PCPS/M.W00.PRICENPQ.USD,2017-10,407.23
IMF/PCPS/M.W00.PRICENPQ.USD,2017-11,404.05
IMF/PCPS/M.W00.PRICENPQ.USD,2017-12,407.95
IMF/PCPS/M.W00.PRICENPQ.USD,2018-01,422.3
IMF/PCPS/M.W00.PRICENPQ.USD,2018-02,417.85
IMF/PCPS/M.W00.PRICENPQ.USD,2018-03,409.77
IMF/PCPS/M.W00.PRICENPQ.USD,2018-04,432.38
IMF/PCPS/M.W00.PRICENPQ.USD,2018-05,433.22
IMF/PCPS/M.W00.PRICENPQ.USD,2018-06,413.14
IMF/PCPS/M.W00.PRICENPQ.USD,2018-07,378.68
IMF/PCPS/M.W00.PRICENPQ.USD,2018-08,383.43
IMF/PCPS/M.W00.PRICENPQ.USD,2018-09,383.0
IMF/PCPS/M.W00.PRICENPQ.USD,2018-10,392.04
IMF/PCPS/M.W00.PRICENPQ.USD,2018-11,390.82
IMF/PCPS/M.W00.PRICENPQ.USD,2018-12,380.33
IMF/PCPS/M.W00.PRICENPQ.USD,2019-01,383.74
IMF/PCPS/M.W00.PRICENPQ.USD,2019-02,390.55
IMF/PCPS/M.W00.PRICENPQ.USD,2019-03,383.14
IMF/PCPS/M.W00.PRICENPQ.USD,2019-04,397.41
IMF/PCPS/M.W00.PRICENPQ.USD,2019-05,390.3
IMF/PCPS/M.W00.PRICENPQ.USD,2019-06,396.25
IMF/PCPS/M.W00.PRICENPQ.USD,2019-07,395.96
IMF/PCPS/M.W00.PRICENPQ.USD,2019-08,414.68
IMF/PCPS/M.W00.PRICENPQ.USD,2019-09,415.43
IMF/PCPS/M.W00.PRICENPQ.USD,2019-10,399.13
IMF/PCPS/M.W00.PRICENPQ.USD,2019-11,394.57
IMF/PCPS/M.W00.PRICENPQ.USD,2019-12,397.0
IMF/PCPS/M.W00.PRICENPQ.USD,2020-01,428.52
IMF/PCPS/M.W00.PRICENPQ.USD,2020-02,430.25
IMF/PCPS/M.W00.PRICENPQ.USD,2020-03,471.68
IMF/PCPS/M.W00.PRICENPQ.USD,2020-04,542.82
IMF/PCPS/M.W00.PRICENPQ.USD,2020-05,498.86
IMF/PCPS/M.W00.PRICENPQ.USD,2020-06,503.05
IMF/PCPS/M.W00.PRICENPQ.USD,2020-07,464.48
IMF/PCPS/M.W00.PRICENPQ.USD,2020-08,484.43
IMF/PCPS/M.W00.PRICENPQ.USD,2020-09,491.91
IMF/PCPS/M.W00.PRICENPQ.USD,2020-10,458.86
IMF/PCPS/M.W00.PRICENPQ.USD,2020-11,459.86
IMF/PCPS/M.W00.PRICENPQ.USD,2020-12,499.35
IMF/PCPS/M.W00.PRICENPQ.USD,2021-01,518.48
IMF/PCPS/M.W00.PRICENPQ.USD,2021-02,535.75
IMF/PCPS/M.W00.PRICENPQ.USD,2021-03,502.35
IMF/PCPS/M.W00.PRICENPQ.USD,2021-04,470.27
IMF/PCPS/M.W00.PRICENPQ.USD,2021-05,477.19
IMF/PCPS/M.W00.PRICENPQ.USD,2021-06,454.86
IMF/PCPS/M.W00.PRICENPQ.USD,2021-07,414.86
IMF/PCPS/M.W00.PRICENPQ.USD,2021-08,386.77
IMF/PCPS/M.W00.PRICENPQ.USD,2021-09,387.0
IMF/PCPS/M.W00.PRICENPQ.USD,2021-10,388.9
IMF/PCPS/M.W00.PRICENPQ.USD,2021-11,383.55
IMF/PCPS/M.W00.PRICENPQ.USD,2021-12,383.57
IMF/PCPS/M.W00.PRICENPQ.USD,2022-01,397.0
IMF/PCPS/M.W00.PRICENPQ.USD,2022-02,410.0
IMF/PCPS/M.W00.PRICENPQ.USD,2022-03,419.43
IMF/PCPS/M.W00.PRICENPQ.USD,2022-04,415.76
IMF/PCPS/M.W00.PRICENPQ.USD,2022-05,425.27
IMF/PCPS/M.W00.PRICENPQ.USD,2022-06,434.18
IMF/PCPS/M.W00.PRICENPQ.USD,2022-07,412.48
IMF/PCPS/M.W00.PRICENPQ.USD,2022-08,411.09
IMF/PCPS/M.W00.PRICENPQ.USD,2022-09,426.82
IMF/PCPS/M.W00.PRICENPQ.USD,2022-10,416.1
IMF/PCPS/M.W00.PRICENPQ.USD,2022-11,416.32
IMF/PCPS/M.W00.PRICENPQ.USD,2022-12,444.23
IMF/PCPS/M.W00.PRICENPQ.USD,2023-01,480.64
IMF/PCPS/M.W00.PRICENPQ.USD,2023-02,484.95
IMF/PCPS/M.W00.PRICENPQ.USD,2023-03,453.57
IMF/PCPS/M.W00.PRICENPQ.USD,2023-04,479.5
IMF/PCPS/M.W00.PRICENPQ.USD,2023-05,491.74
IMF/PCPS/M.W00.PRICENPQ.USD,2023-06,492.27
IMF/PCPS/M.W00.PRICENPQ.USD,2023-07,512.24
IMF/PCPS/M.W00.PRICENPQ.USD,2023-08,607.96
IMF/PCPS/M.W00.PRICENPQ.USD,2023-09,606.9
IMF/PCPS/M.W00.PRICENPQ.USD,2023-10,574.45
IMF/PCPS/M.W00.PRICENPQ.USD,2023-11,555.41
IMF/PCPS/M.W00.PRICENPQ.USD,2023-12,603.24
IMF/PCPS/M.W00.PRICENPQ.USD,2024-01,629.09
IMF/PCPS/M.W00.PRICENPQ.USD,2024-02,609.52
IMF/PCPS/M.W00.PRICENPQ.USD,2024-03,601.71
IMF/PCPS/M.W00.PRICENPQ.USD,2024-04,570.14
IMF/PCPS/M.W00.PRICENPQ.USD,2024-05,600.52
IMF/PCPS/M.W00.PRICENPQ.USD,2024-06,605.5
IMF/PCPS/M.W00.PRICENPQ.USD,2024-07,567.04
IMF/PCPS/M.W00.PRICENPQ.USD,2024-08,563.77
IMF/PCPS/M.W00.PRICENPQ.USD,2024-09,555.1
IMF/PCPS/M.W00.PRICENPQ.USD,2024-10,496.61
IMF/PCPS/M.W00.PRICENPQ.USD,2024-11,487.43
IMF/PCPS/M.W00.PRICENPQ.USD,2024-12,495.68
IMF/PCPS/M.W00.PRICENPQ.USD,2025-01,459.78
IMF/PCPS/M.W00.PRICENPQ.USD,2025-02,423.5
IMF/PCPS/M.W00.PRICENPQ.USD,2025-03,417.0
IMF/PCPS/M.W00.PRICENPQ.USD,2025-04,403.91
IMF/PCPS/M.W00.PRICENPQ.USD,2025-05,396.45
IMF/PCPS/M.W00.PRICENPQ.USD,2025-06,388.62
IMF/PCPS/M.W00.PWHEAMT.USD,2015-01,213.02
IMF/PCPS/M.W00.PWHEAMT.USD,2015-02,201.74
IMF/PCPS/M.W00.PWHEAMT.USD,2015-03,202.69
IMF/PCPS/M.W00.PWHEAMT.USD,2015-04,195.93
IMF/PCPS/M.W00.PWHEAMT.USD,2015-05,193.22
IMF/PCPS/M.W00.PWHEAMT.USD,2015-06,199.84
IMF/PCPS/M.W00.PWHEAMT.USD,2015-07,199.22
IMF/PCPS/M.W00.PWHEAMT.USD,2015-08,173.52
IMF/PCPS/M.W00.PWHEAMT.USD,2015-09,164.07
IMF/PCPS/M.W00.PWHEAMT.USD,2015-10,165.45
IMF/PCPS/M.W00.PWHEAMT.USD,2015-11,157.8
IMF/PCPS/M.W00.PWHEAMT.USD,2015-12,163.89
IMF/PCPS/M.W00.PWHEAMT.USD,2016-01,164.61
IMF/PCPS/M.W00.PWHEAMT.USD,2016-02,159.28
IMF/PCPS/M.W00.PWHEAMT.USD,2016-03,164.06
IMF/PCPS/M.W00.PWHEAMT.USD,2016-04,163.39
IMF/PCPS/M.W00.PWHEAMT.USD,2016-05,157.56
IMF/PCPS/M.W00.PWHEAMT.USD,2016-06,156.7
IMF/PCPS/M.W00.PWHEAMT.USD,2016-07,133.71
IMF/PCPS/M.W00.PWHEAMT.USD,2016-08,127.9
IMF/PCPS/M.W00.PWHEAMT.USD,2016-09,123.25
IMF/PCPS/M.W00.PWHEAMT.USD,2016-10,122.56
IMF/PCPS/M.W00.PWHEAMT.USD,2016-11,122.55
IMF/PCPS/M.W00.PWHEAMT.USD,2016-12,122.85
IMF/PCPS/M.W00.PWHEAMT.USD,2017-01,137.15
IMF/PCPS/M.W00.PWHEAMT.USD,2017-02,147.36
IMF/PCPS/M.W00.PWHEAMT.USD,2017-03,146.43
IMF/PCPS/M.W00.PWHEAMT.USD,2017-04,138.41
IMF/PCPS/M.W00.PWHEAMT.USD,2017-05,146.44
IMF/PCPS/M.W00.PWHEAMT.USD,2017-06,157.25
IMF/PCPS/M.W00.PWHEAMT.USD,2017-07,174.53
IMF/PCPS/M.W00.PWHEAMT.USD,2017-08,139.05
IMF/PCPS/M.W00.PWHEAMT.USD,2017-09,138.41
IMF/PCPS/M.W00.PWHEAMT.USD,2017-10,133.34
IMF/PCPS/M.W00.PWHEAMT.USD,2017-11,138.05
IMF/PCPS/M.W00.PWHEAMT.USD,2017-12,147.1
IMF/PCPS/M.W00.PWHEAMT.USD,2018-01,156.39
IMF/PCPS/M.W00.PWHEAMT.USD,2018-02,172.29
IMF/PCPS/M.W00.PWHEAMT.USD,2018-03,180.92
IMF/PCPS/M.W00.PWHEAMT.USD,2018-04,180.38
IMF/PCPS/M.W00.PWHEAMT.USD,2018-05,192.7
IMF/PCPS/M.W00.PWHEAMT.USD,2018-06,193.08
IMF/PCPS/M.W00.PWHEAMT.USD,2018-07,196.81
IMF/PCPS/M.W00.PWHEAMT.USD,2018-08,211.29
IMF/PCPS/M.W00.PWHEAMT.USD,2018-09,191.14
IMF/PCPS/M.W00.PWHEAMT.USD,2018-10,188.46
IMF/PCPS/M.W00.PWHEAMT.USD,2018-11,181.55
IMF/PCPS/M.W00.PWHEAMT.USD,2018-12,188.54
IMF/PCPS/M.W00.PWHEAMT.USD,2019-01,188.84
IMF/PCPS/M.W00.PWHEAMT.USD,2019-02,177.92
IMF/PCPS/M.W00.PWHEAMT.USD,2019-03,164.51
IMF/PCPS/M.W00.PWHEAMT.USD,2019-04,159.03
IMF/PCPS/M.W00.PWHEAMT.USD,2019-05,158.28
IMF/PCPS/M.W00.PWHEAMT.USD,2019-06,174.7
IMF/PCPS/M.W00.PWHEAMT.USD,2019-07,163.88
IMF/PCPS/M.W00.PWHEAMT.USD,2019-08,149.36
IMF/PCPS/M.W00.PWHEAMT.USD,2019-09,146.57
IMF/PCPS/M.W00.PWHEAMT.USD,2019-10,153.22
IMF/PCPS/M.W00.PWHEAMT.USD,2019-11,157.53
IMF/PCPS/M.W00.PWHEAMT.USD,2019-12,165.25
IMF/PCPS/M.W00.PWHEAMT.USD,2020-01,178.24
IMF/PCPS/M.W00.PWHEAMT.USD,2020-02,172.23
IMF/PCPS/M.W00.PWHEAMT.USD,2020-03,170.87
IMF/PCPS/M.W00.PWHEAMT.USD,2020-04,179.75
IMF/PCPS/M.W00.PWHEAMT.USD,2020-05,174.95
IMF/PCPS/M.W00.PWHEAMT.USD,2020-06,169.72
IMF/PCPS/M.W00.PWHEAMT.USD,2020-07,170.57
IMF/PCPS/M.W00.PWHEAMT.USD,2020-08,174.18
IMF/PCPS/M.W00.PWHEAMT.USD,2020-09,204.14
IMF/PCPS/M.W00.PWHEAMT.USD,2020-10,203.43
IMF/PCPS/M.W00.PWHEAMT.USD,2020-11,210.75
IMF/PCPS/M.W00.PWHEAMT.USD,2020-12,217.31
IMF/PCPS/M.W00.PWHEAMT.USD,2021-01,237.94
IMF/PCPS/M.W00.PWHEAMT.USD,2021-02,240.81
IMF/PCPS/M.W00.PWHEAMT.USD,2021-03,229.89
IMF/PCPS/M.W00.PWHEAMT.USD,2021-04,239.94
IMF/PCPS/M.W00.PWHEAMT.USD,2021-05,278.45
IMF/PCPS/M.W00.PWHEAMT.USD,2021-06,238.77
IMF/PCPS/M.W00.PWHEAMT.USD,2021-07,243.63
IMF/PCPS/M.W00.PWHEAMT.USD,2021-08,274.88
IMF/PCPS/M.W00.PWHEAMT.USD,2021-09,269.73
IMF/PCPS/M.W00.PWHEAMT.USD,2021-10,294.04
IMF/PCPS/M.W00.PWHEAMT.USD,2021-11,317.44
IMF/PCPS/M.W00.PWHEAMT.USD,2021-12,324.02
IMF/PCPS/M.W00.PWHEAMT.USD,2022-01,326.08
IMF/PCPS/M.W00.PWHEAMT.USD,2022-02,347.5
IMF/PCPS/M.W00.PWHEAMT.USD,2022-03,387.67
IMF/PCPS/M.W00.PWHEAMT.USD,2022-04,406.03
IMF/PCPS/M.W00.PWHEAMT.USD,2022-05,444.16
IMF/PCPS/M.W00.PWHEAMT.USD,2022-06,397.65
IMF/PCPS/M.W00.PWHEAMT.USD,2022-07,321.98
IMF/PCPS/M.W00.PWHEAMT.USD,2022-08,323.02
IMF/PCPS/M.W00.PWHEAMT.USD,2022-09,346.32
IMF/PCPS/M.W00.PWHEAMT.USD,2022-10,353.71
IMF/PCPS/M.W00.PWHEAMT.USD,2022-11,344.33
IMF/PCPS/M.W00.PWHEAMT.USD,2022-12,323.65
IMF/PCPS/M.W00.PWHEAMT.USD,2023-01,320.1
IMF/PCPS/M.W00.PWHEAMT.USD,2023-02,332.41
IMF/PCPS/M.W00.PWHEAMT.USD,2023-03,309.43
IMF/PCPS/M.W00.PWHEAMT.USD,2023-04,312.81
IMF/PCPS/M.W00.PWHEAMT.USD,2023-05,299.44
IMF/PCPS/M.W00.PWHEAMT.USD,2023-06,282.28
IMF/PCPS/M.W00.PWHEAMT.USD,2023-07,278.62
IMF/PCPS/M.W00.PWHEAMT.USD,2023-08,241.41
IMF/PCPS/M.W00.PWHEAMT.USD,2023-09,229.39
IMF/PCPS/M.W00.PWHEAMT.USD,2023-10,216.46
IMF/PCPS/M.W00.PWHEAMT.USD,2023-11,216.0
IMF/PCPS/M.W00.PWHEAMT.USD,2023-12,229.63
IMF/PCPS/M.W00.PWHEAMT.USD,2024-01,226.08
IMF/PCPS/M.W00.PWHEAMT.USD,2024-02,219.24
IMF/PCPS/M.W00.PWHEAMT.USD,2024-03,211.84
IMF/PCPS/M.W00.PWHEAMT.USD,2024-04,208.38
IMF/PCPS/M.W00.PWHEAMT.USD,2024-05,227.43
IMF/PCPS/M.W00.PWHEAMT.USD,2024-06,205.23
IMF/PCPS/M.W00.PWHEAMT.USD,2024-07,183.23
IMF/PCPS/M.W00.PWHEAMT.USD,2024-08,175.51
IMF/PCPS/M.W00.PWHEAMT.USD,2024-09,188.51
IMF/PCPS/M.W00.PWHEAMT.USD,2024-10,197.37
IMF/PCPS/M.W00.PWHEAMT.USD,2024-11,185.73
IMF/PCPS/M.W00.PWHEAMT.USD,2024-12,185.79
IMF/PCPS/M.W00.PWHEAMT.USD,2025-01,190.63
IMF/PCPS/M.W00.PWHEAMT.USD,2025-02,190.1
IMF/PCPS/M.W00.PWHEAMT.USD,2025-03,179.61
IMF/PCPS/M.W00.PWHEAMT.USD,2025-04,174.82
IMF/PCPS/M.W00.PWHEAMT.USD,2025-05,196.84
IMF/PCPS/M.W00.PWHEAMT.USD,2025-06,173.19
IMF/WEO:2025-04/BEN.NGDP_RPCH.pcent_change,2025,6.51
IMF/WEO:2025-04/BEN.NGDP_RPCH.pcent_change,2026,6.19
IMF/WEO:2025-04/BEN.NGDP_RPCH.pcent_change,2027,6.18
IMF/WEO:2025-04/BEN.NGDP_RPCH.pcent_change,2028,6.0
IMF/WEO:2025-04/BEN.NGDP_RPCH.pcent_change,2029,5.99
IMF/WEO:2025-04/BEN.NGDP_RPCH.pcent_change,2030,5.96
IMF/WEO:2025-04/BFA.NGDP_RPCH.pcent_change,2025,4.33
IMF/WEO:2025-04/BFA.NGDP_RPCH.pcent_change,2026,4.53
IMF/WEO:2025-04/BFA.NGDP_RPCH.pcent_change,2027,4.75
IMF/WEO:2025-04/BFA.NGDP_RPCH.pcent_change,2028,4.9
IMF/WEO:2025-04/BFA.NGDP_RPCH.pcent_change,2029,4.9
IMF/WEO:2025-04/BFA.NGDP_RPCH.pcent_change,2030,5.03
IMF/WEO:2025-04/CIV.NGDP_RPCH.pcent_change,2025,6.3
IMF/WEO:2025-04/CIV.NGDP_RPCH.pcent_change,2026,6.4
IMF/WEO:2025-04/CIV.NGDP_RPCH.pcent_change,2027,6.5
IMF/WEO:2025-04/CIV.NGDP_RPCH.pcent_change,2028,6.6
IMF/WEO:2025-04/CIV.NGDP_RPCH.pcent_change,2029,7.0
IMF/WEO:2025-04/CIV.NGDP_RPCH.pcent_change,2030,6.8
IMF/WEO:2025-04/GNB.NGDP_RPCH.pcent_change,2025,5.1
IMF/WEO:2025-04/GNB.NGDP_RPCH.pcent_change,2026,5.0
IMF/WEO:2025-04/GNB.NGDP_RPCH.pcent_change,2027,5.0
IMF/WEO:2025-04/GNB.NGDP_RPCH.pcent_change,2028,4.5
IMF/WEO:2025-04/GNB.NGDP_RPCH.pcent_change,2029,4.5
IMF/WEO:2025-04/GNB.NGDP_RPCH.pcent_change,2030,4.5
IMF/WEO:2025-04/MLI.NGDP_RPCH.pcent_change,2025,4.9
IMF/WEO:2025-04/MLI.NGDP_RPCH.pcent_change,2026,5.1
IMF/WEO:2025-04/MLI.NGDP_RPCH.pcent_change,2027,5.1
IMF/WEO:2025-04/MLI.NGDP_RPCH.pcent_change,2028,5.1
IMF/WEO:2025-04/MLI.NGDP_RPCH.pcent_change,2029,5.1
IMF/WEO:2025-04/MLI.NGDP_RPCH.pcent_change,2030,5.1
IMF/WEO:2025-04/NER.NGDP_RPCH.pcent_change,2025,6.59
IMF/WEO:2025-04/NER.NGDP_RPCH.pcent_change,2026,6.7
IMF/WEO:2025-04/NER.NGDP_RPCH.pcent_change,2027,6.42
IMF/WEO:2025-04/NER.NGDP_RPCH.pcent_change,2028,6.01
IMF/WEO:2025-04/NER.NGDP_RPCH.pcent_change,2029,6.01
IMF/WEO:2025-04/NER.NGDP_RPCH.pcent_change,2030,6.02
IMF/WEO:2025-04/SEN.NGDP_RPCH.pcent_change,2025,8.45
IMF/WEO:2025-04/SEN.NGDP_RPCH.pcent_change,2026,4.09
IMF/WEO:2025-04/SEN.NGDP_RPCH.pcent_change,2027,4.83
IMF/WEO:2025-04/SEN.NGDP_RPCH.pcent_change,2028,5.12
IMF/WEO:2025-04/SEN.NGDP_RPCH.pcent_change,2029,4.6
IMF/WEO:2025-04/SEN.NGDP_RPCH.pcent_change,2030,5.49
IMF/WEO:2025-04/TGO.NGDP_RPCH.pcent_change,2025,5.3
IMF/WEO:2025-04/TGO.NGDP_RPCH.pcent_change,2026,5.5
IMF/WEO:2025-04/TGO.NGDP_RPCH.pcent_change,2027,5.5
IMF/WEO:2025-04/TGO.NGDP_RPCH.pcent_change,2028,5.5
IMF/WEO:2025-04/TGO.NGDP_RPCH.pcent_change,2029,5.5
IMF/WEO:2025-04/TGO.NGDP_RPCH.pcent_change,2030,5.5
IMF/WEO:2025-04/BEN.PCPIPCH.pcent_change,2025,2.2
IMF/WEO:2025-04/BEN.PCPIPCH.pcent_change,2026,2.0
IMF/WEO:2025-04/BEN.PCPIPCH.pcent_change,2027,2.0
IMF/WEO:2025-04/BEN.PCPIPCH.pcent_change,2028,2.0
IMF/WEO:2025-04/BEN.PCPIPCH.pcent_change,2029,2.0
IMF/WEO:2025-04/BEN.PCPIPCH.pcent_change,2030,2.0
IMF/WEO:2025-04/BFA.PCPIPCH.pcent_change,2025,2.96
IMF/WEO:2025-04/BFA.PCPIPCH.pcent_change,2026,2.49
IMF/WEO:2025-04/BFA.PCPIPCH.pcent_change,2027,2.06
IMF/WEO:2025-04/BFA.PCPIPCH.pcent_change,2028,2.03
IMF/WEO:2025-04/BFA.PCPIPCH.pcent_change,2029,2.0
IMF/WEO:2025-04/BFA.PCPIPCH.pcent_change,2030,2.0
IMF/WEO:2025-04/CIV.PCPIPCH.pcent_change,2025,3.0
IMF/WEO:2025-04/CIV.PCPIPCH.pcent_change,2026,2.2
IMF/WEO:2025-04/CIV.PCPIPCH.pcent_change,2027,2.0
IMF/WEO:2025-04/CIV.PCPIPCH.pcent_change,2028,2.0
IMF/WEO:2025-04/CIV.PCPIPCH.pcent_change,2029,2.0
IMF/WEO:2025-04/CIV.PCPIPCH.pcent_change,2030,2.0
IMF/WEO:2025-04/GNB.PCPIPCH.pcent_change,2025,2.0
IMF/WEO:2025-04/GNB.PCPIPCH.pcent_change,2026,2.0
IMF/WEO:2025-04/GNB.PCPIPCH.pcent_change,2027,2.0
IMF/WEO:2025-04/GNB.PCPIPCH.pcent_change,2028,2.0
IMF/WEO:2025-04/GNB.PCPIPCH.pcent_change,2029,2.0
IMF/WEO:2025-04/GNB.PCPIPCH.pcent_change,2030,2.0
IMF/WEO:2025-04/MLI.PCPIPCH.pcent_change,2025,3.0
IMF/WEO:2025-04/MLI.PCPIPCH.pcent_change,2026,2.0
IMF/WEO:2025-04/MLI.PCPIPCH.pcent_change,2027,2.0
IMF/WEO:2025-04/MLI.PCPIPCH.pcent_change,2028,2.0
IMF/WEO:2025-04/MLI.PCPIPCH.pcent_change,2029,2.0
IMF/WEO:2025-04/MLI.PCPIPCH.pcent_change,2030,2.0
IMF/WEO:2025-04/NER.PCPIPCH.pcent_change,2025,4.7
IMF/WEO:2025-04/NER.PCPIPCH.pcent_change,2026,3.2
IMF/WEO:2025-04/NER.PCPIPCH.pcent_change,2027,2.0
IMF/WEO:2025-04/NER.PCPIPCH.pcent_change,2028,2.0
IMF/WEO:2025-04/NER.PCPIPCH.pcent_change,2029,2.0
IMF/WEO:2025-04/NER.PCPIPCH.pcent_change,2030,2.0
IMF/WEO:2025-04/SEN.PCPIPCH.pcent_change,2025,2.04
IMF/WEO:2025-04/SEN.PCPIPCH.pcent_change,2026,2.02
IMF/WEO:2025-04/SEN.PCPIPCH.pcent_change,2027,2.02
IMF/WEO:2025-04/SEN.PCPIPCH.pcent_change,2028,2.02
IMF/WEO:2025-04/SEN.PCPIPCH.pcent_change,2029,2.02
IMF/WEO:2025-04/SEN.PCPIPCH.pcent_change,2030,2.02
IMF/WEO:2025-04/TGO.PCPIPCH.pcent_change,2025,2.3
IMF/WEO:2025-04/TGO.PCPIPCH.pcent_change,2026,1.95
IMF/WEO:2025-04/TGO.PCPIPCH.pcent_change,2027,2.0
IMF/WEO:2025-04/TGO.PCPIPCH.pcent_change,2028,2.0
IMF/WEO:2025-04/TGO.PCPIPCH.pcent_change,2029,2.0
IMF/WEO:2025-04/TGO.PCPIPCH.pcent_change,2030,2.0
IMF/WEO:2025-04/BEN.GGXWDG_NGDP.pcent_gdp,2025,52.55
IMF/WEO:2025-04/BEN.GGXWDG_NGDP.pcent_gdp,2026,51.24
IMF/WEO:2025-04/BEN.GGXWDG_NGDP.pcent_gdp,2027,50.03
IMF/WEO:2025-04/BEN.GGXWDG_NGDP.pcent_gdp,2028,48.88
IMF/WEO:2025-04/BEN.GGXWDG_NGDP.pcent_gdp,2029,47.85
IMF/WEO:2025-04/BEN.GGXWDG_NGDP.pcent_gdp,2030,46.92
IMF/WEO:2025-04/BFA.GGXWDG_NGDP.pcent_gdp,2025,50.16
IMF/WEO:2025-04/BFA.GGXWDG_NGDP.pcent_gdp,2026,49.77
IMF/WEO:2025-04/BFA.GGXWDG_NGDP.pcent_gdp,2027,49.86
IMF/WEO:2025-04/BFA.GGXWDG_NGDP.pcent_gdp,2028,49.27
IMF/WEO:2025-04/BFA.GGXWDG_NGDP.pcent_gdp,2029,48.62
IMF/WEO:2025-04/BFA.GGXWDG_NGDP.pcent_gdp,2030,48.16
IMF/WEO:2025-04/CIV.GGXWDG_NGDP.pcent_gdp,2025,58.13
IMF/WEO:2025-04/CIV.GGXWDG_NGDP.pcent_gdp,2026,56.45
IMF/WEO:2025-04/CIV.GGXWDG_NGDP.pcent_gdp,2027,54.86
IMF/WEO:2025-04/CIV.GGXWDG_NGDP.pcent_gdp,2028,53.06
IMF/WEO:2025-04/CIV.GGXWDG_NGDP.pcent_gdp,2029,51.97
IMF/WEO:2025-04/CIV.GGXWDG_NGDP.pcent_gdp,2030,50.71
IMF/WEO:2025-04/GNB.GGXWDG_NGDP.pcent_gdp,2025,79.39
IMF/WEO:2025-04/GNB.GGXWDG_NGDP.pcent_gdp,2026,76.73
IMF/WEO:2025-04/GNB.GGXWDG_NGDP.pcent_gdp,2027,74.07
IMF/WEO:2025-04/GNB.GGXWDG_NGDP.pcent_gdp,2028,71.95
IMF/WEO:2025-04/GNB.GGXWDG_NGDP.pcent_gdp,2029,70.0
IMF/WEO:2025-04/GNB.GGXWDG_NGDP.pcent_gdp,2030,68.15
IMF/WEO:2025-04/MLI.GGXWDG_NGDP.pcent_gdp,2025,51.73
IMF/WEO:2025-04/MLI.GGXWDG_NGDP.pcent_gdp,2026,50.47
IMF/WEO:2025-04/MLI.GGXWDG_NGDP.pcent_gdp,2027,49.6
IMF/WEO:2025-04/MLI.GGXWDG_NGDP.pcent_gdp,2028,48.89
IMF/WEO:2025-04/MLI.GGXWDG_NGDP.pcent_gdp,2029,48.37
IMF/WEO:2025-04/MLI.GGXWDG_NGDP.pcent_gdp,2030,47.99
IMF/WEO:2025-04/NER.GGXWDG_NGDP.pcent_gdp,2025,43.39
IMF/WEO:2025-04/NER.GGXWDG_NGDP.pcent_gdp,2026,42.19
IMF/WEO:2025-04/NER.GGXWDG_NGDP.pcent_gdp,2027,41.79
IMF/WEO:2025-04/NER.GGXWDG_NGDP.pcent_gdp,2028,41.81
IMF/WEO:2025-04/NER.GGXWDG_NGDP.pcent_gdp,2029,41.89
IMF/WEO:2025-04/NER.GGXWDG_NGDP.pcent_gdp,2030,41.85
IMF/WEO:2025-04/SEN.GGXWDG_NGDP.pcent_gdp,2025,111.43
IMF/WEO:2025-04/SEN.GGXWDG_NGDP.pcent_gdp,2026,110.55
IMF/WEO:2025-04/SEN.GGXWDG_NGDP.pcent_gdp,2027,107.05
IMF/WEO:2025-04/SEN.GGXWDG_NGDP.pcent_gdp,2028,103.52
IMF/WEO:2025-04/SEN.GGXWDG_NGDP.pcent_gdp,2029,100.66
IMF/WEO:2025-04/SEN.GGXWDG_NGDP.pcent_gdp,2030,97.13
IMF/WEO:2025-04/TGO.GGXWDG_NGDP.pcent_gdp,2025,69.5
IMF/WEO:2025-04/TGO.GGXWDG_NGDP.pcent_gdp,2026,67.67
IMF/WEO:2025-04/TGO.GGXWDG_NGDP.pcent_gdp,2027,65.97
IMF/WEO:2025-04/TGO.GGXWDG_NGDP.pcent_gdp,2028,64.16
IMF/WEO:2025-04/TGO.GGXWDG_NGDP.pcent_gdp,2029,62.73
IMF/WEO:2025-04/TGO.GGXWDG_NGDP.pcent_gdp,2030,60.41
IMF/WEO:2025-04/BEN.GGXCNL_NGDP.pcent_gdp,2025,-2.9
IMF/WEO:2025-04/BEN.GGXCNL_NGDP.pcent_gdp,2026,-2.9
IMF/WEO:2025-04/BEN.GGXCNL_NGDP.pcent_gdp,2027,-2.9
IMF/WEO:2025-04/BEN.GGXCNL_NGDP.pcent_gdp,2028,-2.9
IMF/WEO:2025-04/BEN.GGXCNL_NGDP.pcent_gdp,2029,-2.9
IMF/WEO:2025-04/BEN.GGXCNL_NGDP.pcent_gdp,2030,-2.9
IMF/WEO:2025-04/BFA.GGXCNL_NGDP.pcent_gdp,2025,-4.31
IMF/WEO:2025-04/BFA.GGXCNL_NGDP.pcent_gdp,2026,-3.65
IMF/WEO:2025-04/BFA.GGXCNL_NGDP.pcent_gdp,2027,-3.04
IMF/WEO:2025-04/BFA.GGXCNL_NGDP.pcent_gdp,2028,-3.0
IMF/WEO:2025-04/BFA.GGXCNL_NGDP.pcent_gdp,2029,-3.0
IMF/WEO:2025-04/BFA.GGXCNL_NGDP.pcent_gdp,2030,-3.0
IMF/WEO:2025-04/CIV.GGXCNL_NGDP.pcent_gdp,2025,-3.02
IMF/WEO:2025-04/CIV.GGXCNL_NGDP.pcent_gdp,2026,-2.96
IMF/WEO:2025-04/CIV.GGXCNL_NGDP.pcent_gdp,2027,-2.99
IMF/WEO:2025-04/CIV.GGXCNL_NGDP.pcent_gdp,2028,-2.95
IMF/WEO:2025-04/CIV.GGXCNL_NGDP.pcent_gdp,2029,-2.95
IMF/WEO:2025-04/CIV.GGXCNL_NGDP.pcent_gdp,2030,-2.96
IMF/WEO:2025-04/GNB.GGXCNL_NGDP.pcent_gdp,2025,-3.15
IMF/WEO:2025-04/GNB.GGXCNL_NGDP.pcent_gdp,2026,-3.14
IMF/WEO:2025-04/GNB.GGXCNL_NGDP.pcent_gdp,2027,-2.96
IMF/WEO:2025-04/GNB.GGXCNL_NGDP.pcent_gdp,2028,-3.0
IMF/WEO:2025-04/GNB.GGXCNL_NGDP.pcent_gdp,2029,-3.02
IMF/WEO:2025-04/GNB.GGXCNL_NGDP.pcent_gdp,2030,-2.99
IMF/WEO:2025-04/MLI.GGXCNL_NGDP.pcent_gdp,2025,-3.13
IMF/WEO:2025-04/MLI.GGXCNL_NGDP.pcent_gdp,2026,-3.0
IMF/WEO:2025-04/MLI.GGXCNL_NGDP.pcent_gdp,2027,-3.0
IMF/WEO:2025-04/MLI.GGXCNL_NGDP.pcent_gdp,2028,-3.04
IMF/WEO:2025-04/MLI.GGXCNL_NGDP.pcent_gdp,2029,-3.0
IMF/WEO:2025-04/MLI.GGXCNL_NGDP.pcent_gdp,2030,-3.0
IMF/WEO:2025-04/NER.GGXCNL_NGDP.pcent_gdp,2025,-3.02
IMF/WEO:2025-04/NER.GGXCNL_NGDP.pcent_gdp,2026,-2.98
IMF/WEO:2025-04/NER.GGXCNL_NGDP.pcent_gdp,2027,-2.99
IMF/WEO:2025-04/NER.GGXCNL_NGDP.pcent_gdp,2028,-2.98
IMF/WEO:2025-04/NER.GGXCNL_NGDP.pcent_gdp,2029,-3.01
IMF/WEO:2025-04/NER.GGXCNL_NGDP.pcent_gdp,2030,-3.01
IMF/WEO:2025-04/SEN.GGXCNL_NGDP.pcent_gdp,2025,-7.25
IMF/WEO:2025-04/SEN.GGXCNL_NGDP.pcent_gdp,2026,-5.03
IMF/WEO:2025-04/SEN.GGXCNL_NGDP.pcent_gdp,2027,-2.97
IMF/WEO:2025-04/SEN.GGXCNL_NGDP.pcent_gdp,2028,-3.02
IMF/WEO:2025-04/SEN.GGXCNL_NGDP.pcent_gdp,2029,-3.03
IMF/WEO:2025-04/SEN.GGXCNL_NGDP.pcent_gdp,2030,-3.0
IMF/WEO:2025-04/TGO.GGXCNL_NGDP.pcent_gdp,2025,-2.97
IMF/WEO:2025-04/TGO.GGXCNL_NGDP.pcent_gdp,2026,-2.98
IMF/WEO:2025-04/TGO.GGXCNL_NGDP.pcent_gdp,2027,-3.0
IMF/WEO:2025-04/TGO.GGXCNL_NGDP.pcent_gdp,2028,-3.01
IMF/WEO:2025-04/TGO.GGXCNL_NGDP.pcent_gdp,2029,-3.01
IMF/WEO:2025-04/TGO.GGXCNL_NGDP.pcent_gdp,2030,-2.17
IMF/WEO:2025-04/BEN.BCA_NGDPD.pcent_gdp,2025,-6.1
IMF/WEO:2025-04/BEN.BCA_NGDPD.pcent_gdp,2026,-5.34
IMF/WEO:2025-04/BEN.BCA_NGDPD.pcent_gdp,2027,-4.68
IMF/WEO:2025-04/BEN.BCA_NGDPD.pcent_gdp,2028,-4.57
IMF/WEO:2025-04/BEN.BCA_NGDPD.pcent_gdp,2029,-4.35
IMF/WEO:2025-04/BEN.BCA_NGDPD.pcent_gdp,2030,-4.12
IMF/WEO:2025-04/BFA.BCA_NGDPD.pcent_gdp,2025,-2.14
IMF/WEO:2025-04/BFA.BCA_NGDPD.pcent_gdp,2026,-2.03
IMF/WEO:2025-04/BFA.BCA_NGDPD.pcent_gdp,2027,-3.61
IMF/WEO:2025-04/BFA.BCA_NGDPD.pcent_gdp,2028,-4.41
IMF/WEO:2025-04/BFA.BCA_NGDPD.pcent_gdp,2029,-4.9
IMF/WEO:2025-04/BFA.BCA_NGDPD.pcent_gdp,2030,-5.55
IMF/WEO:2025-04/CIV.BCA_NGDPD.pcent_gdp,2025,-3.56
IMF/WEO:2025-04/CIV.BCA_NGDPD.pcent_gdp,2026,-2.08
IMF/WEO:2025-04/CIV.BCA_NGDPD.pcent_gdp,2027,-2.77
IMF/WEO:2025-04/CIV.BCA_NGDPD.pcent_gdp,2028,-3.52
IMF/WEO:2025-04/CIV.BCA_NGDPD.pcent_gdp,2029,-3.13
IMF/WEO:2025-04/CIV.BCA_NGDPD.pcent_gdp,2030,-3.04
IMF/WEO:2025-04/GNB.BCA_NGDPD.pcent_gdp,2025,-5.51
IMF/WEO:2025-04/GNB.BCA_NGDPD.pcent_gdp,2026,-4.64
IMF/WEO:2025-04/GNB.BCA_NGDPD.pcent_gdp,2027,-4.46
IMF/WEO:2025-04/GNB.BCA_NGDPD.pcent_gdp,2028,-4.2
IMF/WEO:2025-04/GNB.BCA_NGDPD.pcent_gdp,2029,-4.1
IMF/WEO:2025-04/GNB.BCA_NGDPD.pcent_gdp,2030,-3.98
IMF/WEO:2025-04/MLI.BCA_NGDPD.pcent_gdp,2025,-5.06
IMF/WEO:2025-04/MLI.BCA_NGDPD.pcent_gdp,2026,-1.6
IMF/WEO:2025-04/MLI.BCA_NGDPD.pcent_gdp,2027,-2.11
IMF/WEO:2025-04/MLI.BCA_NGDPD.pcent_gdp,2028,-1.72
IMF/WEO:2025-04/MLI.BCA_NGDPD.pcent_gdp,2029,-2.56
IMF/WEO:2025-04/MLI.BCA_NGDPD.pcent_gdp,2030,-3.56
IMF/WEO:2025-04/NER.BCA_NGDPD.pcent_gdp,2025,-3.77
IMF/WEO:2025-04/NER.BCA_NGDPD.pcent_gdp,2026,-4.75
IMF/WEO:2025-04/NER.BCA_NGDPD.pcent_gdp,2027,-3.5
IMF/WEO:2025-04/NER.BCA_NGDPD.pcent_gdp,2028,-3.76
IMF/WEO:2025-04/NER.BCA_NGDPD.pcent_gdp,2029,-4.25
IMF/WEO:2025-04/NER.BCA_NGDPD.pcent_gdp,2030,-4.2
IMF/WEO:2025-04/SEN.BCA_NGDPD.pcent_gdp,2025,-8.19
IMF/WEO:2025-04/SEN.BCA_NGDPD.pcent_gdp,2026,-6.16
IMF/WEO:2025-04/SEN.BCA_NGDPD.pcent_gdp,2027,-5.58
IMF/WEO:2025-04/SEN.BCA_NGDPD.pcent_gdp,2028,-5.79
IMF/WEO:2025-04/SEN.BCA_NGDPD.pcent_gdp,2029,-5.6
IMF/WEO:2025-04/SEN.BCA_NGDPD.pcent_gdp,2030,-5.14
IMF/WEO:2025-04/TGO.BCA_NGDPD.pcent_gdp,2025,-3.06
IMF/WEO:2025-04/TGO.BCA_NGDPD.pcent_gdp,2026,-3.03
IMF/WEO:2025-04/TGO.BCA_NGDPD.pcent_gdp,2027,-2.63
IMF/WEO:2025-04/TGO.BCA_NGDPD.pcent_gdp,2028,-2.47
IMF/WEO:2025-04/TGO.BCA_NGDPD.pcent_gdp,2029,-2.54
IMF/WEO:2025-04/TGO.BCA_NGDPD.pcent_gdp,2030,-1.93
IMF/CPI/M.BJ.PCPI_IX,2018-01,90.4723770555775
IMF/CPI/M.BJ.PCPI_IX,2018-02,90.0125531151256
IMF/CPI/M.BJ.PCPI_IX,2018-03,89.4639912212532
IMF/CPI/M.BJ.PCPI_IX,2018-04,91.158079422918
IMF/CPI/M.BJ.PCPI_IX,2018-05,91.238750289664
IMF/CPI/M.BJ.PCPI_IX,2018-06,91.6421046233937
IMF/CPI/M.BJ.PCPI_IX,2018-07,91.4000920231558
IMF/CPI/M.BJ.PCPI_IX,2018-08,91.0970216606498
IMF/CPI/M.BJ.PCPI_IX,2018-09,90.915734055355
IMF/CPI/M.BJ.PCPI_IX,2018-10,91.4595968712395
IMF/CPI/M.BJ.PCPI_IX,2018-11,91.2783092659447
IMF/CPI/M.BJ.PCPI_IX,2018-12,91.7315282791817
IMF/CPI/M.BJ.PCPI_IX,2019-01,92.7286101083032
IMF/CPI/M.BJ.PCPI_IX,2019-02,91.2783092659447
IMF/CPI/M.BJ.PCPI_IX,2019-03,92.0941034897714
IMF/CPI/M.BJ.PCPI_IX,2019-04,91.1876654632972
IMF/CPI/M.BJ.PCPI_IX,2019-05,92.7286101083032
IMF/CPI/M.BJ.PCPI_IX,2019-06,91.0970216606498
IMF/CPI/M.BJ.PCPI_IX,2019-07,91.8221720818291
IMF/CPI/M.BJ.PCPI_IX,2019-08,90.7344464500602
IMF/CPI/M.BJ.PCPI_IX,2019-09,90.3718712394705
IMF/CPI/M.BJ.PCPI_IX,2019-10,91.0970216606498
IMF/CPI/M.BJ.PCPI_IX,2019-11,92.7286101083032
IMF/CPI/M.BJ.PCPI_IX,2019-12,92.003459687124
IMF/CPI/M.BJ.PCPI_IX,2020-01,93.2269579515644
IMF/CPI/M.BJ.PCPI_IX,2020-02,94.4239827870036
IMF/CPI/M.BJ.PCPI_IX,2020-03,93.9985170932611
IMF/CPI/M.BJ.PCPI_IX,2020-04,94.0747467184116
IMF/CPI/M.BJ.PCPI_IX,2020-05,94.7665148399519
IMF/CPI/M.BJ.PCPI_IX,2020-06,94.634528398917
IMF/CPI/M.BJ.PCPI_IX,2020-07,95.5028289518652
IMF/CPI/M.BJ.PCPI_IX,2020-08,95.0059522575211
IMF/CPI/M.BJ.PCPI_IX,2020-09,94.7153500391095
IMF/CPI/M.BJ.PCPI_IX,2020-10,95.1080788170878
IMF/CPI/M.BJ.PCPI_IX,2020-11,94.6401555661853
IMF/CPI/M.BJ.PCPI_IX,2020-12,93.020349
IMF/CPI/M.BJ.PCPI_IX,2021-01,92.7398118694344
IMF/CPI/M.BJ.PCPI_IX,2021-02,92.7317305166319
IMF/CPI/M.BJ.PCPI_IX,2021-03,93.5025123922984
IMF/CPI/M.BJ.PCPI_IX,2021-04,94.526473734657
IMF/CPI/M.BJ.PCPI_IX,2021-05,96.3795071847701
IMF/CPI/M.BJ.PCPI_IX,2021-06,98.9666067314363
IMF/CPI/M.BJ.PCPI_IX,2021-07,98.0443851979612
IMF/CPI/M.BJ.PCPI_IX,2021-08,96.3536892694848
IMF/CPI/M.BJ.PCPI_IX,2021-09,97.5054449411953
IMF/CPI/M.BJ.PCPI_IX,2021-10,97.297009129044
IMF/CPI/M.BJ.PCPI_IX,2021-11,97.0431611068257
IMF/CPI/M.BJ.PCPI_IX,2021-12,97.6706792456843
IMF/CPI/M.BJ.PCPI_IX,2022-01,100.070994908732
IMF/CPI/M.BJ.PCPI_IX,2022-02,95.0237652758732
IMF/CPI/M.BJ.PCPI_IX,2022-03,95.3901877166118
IMF/CPI/M.BJ.PCPI_IX,2022-04,95.5042677559362
IMF/CPI/M.BJ.PCPI_IX,2022-05,96.8189686200972
IMF/CPI/M.BJ.PCPI_IX,2022-06,96.4326821691134
IMF/CPI/M.BJ.PCPI_IX,2022-07,97.0986672239603
IMF/CPI/M.BJ.PCPI_IX,2022-08,96.0833077290493
IMF/CPI/M.BJ.PCPI_IX,2022-09,95.9850849529363
IMF/CPI/M.BJ.PCPI_IX,2022-10,99.3516306040372
IMF/CPI/M.BJ.PCPI_IX,2022-11,100.183805453561
IMF/CPI/M.BJ.PCPI_IX,2022-12,100.388898372657
IMF/CPI/M.BJ.PCPI_IX,2023-01,101.381173824292
IMF/CPI/M.BJ.PCPI_IX,2023-02,101.409360672462
IMF/CPI/M.BJ.PCPI_IX,2023-03,102.008123240448
IMF/CPI/M.BJ.PCPI_IX,2023-04,99.1172212643138
IMF/CPI/M.BJ.PCPI_IX,2023-05,100.332696413776
IMF/CPI/M.BJ.PCPI_IX,2023-06,100.551026760258
IMF/CPI/M.BJ.PCPI_IX,2023-07,100.88655234657
IMF/CPI/M.BJ.PCPI_IX,2023-08,98.0765944645006
IMF/CPI/M.BJ.PCPI_IX,2023-09,97.4420878459687
IMF/CPI/M.BJ.PCPI_IX,2023-10,98.2578820697954
IMF/CPI/M.BJ.PCPI_IX,2023-11,100.070758122744
IMF/CPI/M.BJ.PCPI_IX,2023-12,100.795908543923
IMF/CPI/M.BJ.PCPI_IX,2024-01,100.161401925391
IMF/CPI/M.BJ.PCPI_IX,2024-02,101.61170276775
IMF/CPI/M.BJ.PCPI_IX,2024-03,102.064921780987
IMF/CPI/M.BJ.PCPI_IX,2024-04,102.246209386282
IMF/CPI/M.BJ.PCPI_IX,2024-05,102.699428399519
IMF/CPI/M.BJ.PCPI_IX,2024-06,101.339771359808
IMF/CPI/M.BJ.PCPI_IX,2024-07,101.883634175692
IMF/CPI/M.BJ.PCPI_IX,2024-08,100.977196149218
IMF/CPI/M.BJ.PCPI_IX,2024-09,99.9801143200963
IMF/CPI/M.BJ.PCPI_IX,2024-10,100.252045728038
IMF/CPI/M.BJ.PCPI_IX,2024-11,100.614620938628
IMF/CPI/M.BJ.PCPI_IX,2024-12,100.433333333333
IMF/CPI/M.BJ.PCPI_IX,2025-01,100.7
IMF/CPI/M.BJ.PCPI_IX,2025-02,101.7
IMF/CPI/M.BJ.PCPI_IX,2025-03,102.8
IMF/CPI/M.BJ.PCPI_IX,2025-04,103.0
IMF/CPI/M.BJ.PCPI_IX,2025-05,103.3
IMF/CPI/M.BJ.PCPI_IX,2025-06,103.2
IMF/CPI/M.BF.PCPI_IX,2018-01,83.4489814672997
IMF/CPI/M.BF.PCPI_IX,2018-02,83.7065400520754
IMF/CPI/M.BF.PCPI_IX,2018-03,83.9801960483994
IMF/CPI/M.BF.PCPI_IX,2018-04,84.8414075662429
IMF/CPI/M.BF.PCPI_IX,2018-05,85.1553070914382
IMF/CPI/M.BF.PCPI_IX,2018-06,86.2821258998315
IMF/CPI/M.BF.PCPI_IX,2018-07,86.9501684790933
IMF/CPI/M.BF.PCPI_IX,2018-08,86.0648108439271
IMF/CPI/M.BF.PCPI_IX,2018-09,86.3545642517997
IMF/CPI/M.BF.PCPI_IX,2018-10,85.3565247357942
IMF/CPI/M.BF.PCPI_IX,2018-11,84.1250727523357
IMF/CPI/M.BF.PCPI_IX,2018-12,84.0767805176903
IMF/CPI/M.BF.PCPI_IX,2019-01,82.2497243069383
IMF/CPI/M.BF.PCPI_IX,2019-02,81.9116786644203
IMF/CPI/M.BF.PCPI_IX,2019-03,82.3221626589064
IMF/CPI/M.BF.PCPI_IX,2019-04,82.7085005360698
IMF/CPI/M.BF.PCPI_IX,2019-05,83.1350819421045
IMF/CPI/M.BF.PCPI_IX,2019-06,82.8936207688773
IMF/CPI/M.BF.PCPI_IX,2019-07,83.0787410016848
IMF/CPI/M.BF.PCPI_IX,2019-08,81.8392403124521
IMF/CPI/M.BF.PCPI_IX,2019-09,81.6702174911931
IMF/CPI/M.BF.PCPI_IX,2019-10,82.1128963087762
IMF/CPI/M.BF.PCPI_IX,2019-11,81.5011946699341
IMF/CPI/M.BF.PCPI_IX,2019-12,81.9277760759688
IMF/CPI/M.BF.PCPI_IX,2020-01,81.5011946699341
IMF/CPI/M.BF.PCPI_IX,2020-02,82.2819191300352
IMF/CPI/M.BF.PCPI_IX,2020-03,82.072652779905
IMF/CPI/M.BF.PCPI_IX,2020-04,81.7185097258386
IMF/CPI/M.BF.PCPI_IX,2020-05,84.9218946239853
IMF/CPI/M.BF.PCPI_IX,2020-06,83.8272706386889
IMF/CPI/M.BF.PCPI_IX,2020-07,84.2377546331751
IMF/CPI/M.BF.PCPI_IX,2020-08,85.1955506203094
IMF/CPI/M.BF.PCPI_IX,2020-09,85.3323786184714
IMF/CPI/M.BF.PCPI_IX,2020-10,85.8716419053454
IMF/CPI/M.BF.PCPI_IX,2020-11,85.1714045029867
IMF/CPI/M.BF.PCPI_IX,2020-12,83.8272706386889
IMF/CPI/M.BF.PCPI_IX,2021-01,83.9721473426252
IMF/CPI/M.BF.PCPI_IX,2021-02,83.6180042885587
IMF/CPI/M.BF.PCPI_IX,2021-03,84.1411701638842
IMF/CPI/M.BF.PCPI_IX,2021-04,85.453109205085
IMF/CPI/M.BF.PCPI_IX,2021-05,86.8857788328994
IMF/CPI/M.BF.PCPI_IX,2021-06,86.77309695206
IMF/CPI/M.BF.PCPI_IX,2021-07,85.1955506203094
IMF/CPI/M.BF.PCPI_IX,2021-08,87.5860162352581
IMF/CPI/M.BF.PCPI_IX,2021-09,89.0911242150406
IMF/CPI/M.BF.PCPI_IX,2021-10,89.2279522132026
IMF/CPI/M.BF.PCPI_IX,2021-11,90.2420891407566
IMF/CPI/M.BF.PCPI_IX,2021-12,90.523793842855
IMF/CPI/M.BF.PCPI_IX,2022-03,95.4898453055598
IMF/CPI/M.BF.PCPI_IX,2022-04,98.371281972737
IMF/CPI/M.BF.PCPI_IX,2022-05,100.214435595038
IMF/CPI/M.BF.PCPI_IX,2022-06,102.178319803952
IMF/CPI/M.BF.PCPI_IX,2022-07,103.128067085312
IMF/CPI/M.BF.PCPI_IX,2022-08,103.450015316281
IMF/CPI/M.BF.PCPI_IX,2022-09,103.755866135702
IMF/CPI/M.BF.PCPI_IX,2022-10,102.620998621535
IMF/CPI/M.BF.PCPI_IX,2022-11,101.252718639914
IMF/CPI/M.BF.PCPI_IX,2022-12,99.1922499617093
IMF/CPI/M.BF.PCPI_IX,2023-01,97.38933986828
IMF/CPI/M.BF.PCPI_IX,2023-02,97.6549471588298
IMF/CPI/M.BF.PCPI_IX,2023-03,98.234453974575
IMF/CPI/M.BF.PCPI_IX,2023-04,98.5966457344157
IMF/CPI/M.BF.PCPI_IX,2023-05,99.8683412467453
IMF/CPI/M.BF.PCPI_IX,2023-06,101.441939551486
IMF/CPI/M.BF.PCPI_IX,2023-07,101.942678472798
IMF/CPI/M.BF.PCPI_IX,2023-08,101.416700017484
IMF/CPI/M.BF.PCPI_IX,2023-09,101.094550222775
IMF/CPI/M.BF.PCPI_IX,2023-10,101.036048285342
IMF/CPI/M.BF.PCPI_IX,2023-11,101.67137748754
IMF/CPI/M.BF.PCPI_IX,2023-12,100.221879931544
IMF/CPI/M.BF.PCPI_IX,2024-01,101.533105406686
IMF/CPI/M.BF.PCPI_IX,2024-02,100.335671889884
IMF/CPI/M.BF.PCPI_IX,2024-03,100.796939378573
IMF/CPI/M.BF.PCPI_IX,2024-04,102.276284924085
IMF/CPI/M.BF.PCPI_IX,2024-05,103.299472685672
IMF/CPI/M.BF.PCPI_IX,2024-06,103.881277165454
IMF/CPI/M.BF.PCPI_IX,2024-07,106.341814120685
IMF/CPI/M.BF.PCPI_IX,2024-08,107.233868279055
IMF/CPI/M.BF.PCPI_IX,2024-09,107.323560536958
IMF/CPI/M.BF.PCPI_IX,2024-10,107.419584582915
IMF/CPI/M.BF.PCPI_IX,2024-11,105.340971184117
IMF/CPI/M.BF.PCPI_IX,2024-12,105.1
IMF/CPI/M.BF.PCPI_IX,2025-01,103.0
IMF/CPI/M.BF.PCPI_IX,2025-02,102.6
IMF/CPI/M.BF.PCPI_IX,2025-03,103.041168089639
IMF/CPI/M.BF.PCPI_IX,2025-04,104.038272450033
IMF/CPI/M.BF.PCPI_IX,2025-05,104.872820063346
IMF/CPI/M.CI.PCPI_IX,2018-01,104.627059843886
IMF/CPI/M.CI.PCPI_IX,2018-02,104.354119687771
IMF/CPI/M.CI.PCPI_IX,2018-03,104.990980052038
IMF/CPI/M.CI.PCPI_IX,2018-04,105.263920208153
IMF/CPI/M.CI.PCPI_IX,2018-05,104.536079791848
IMF/CPI/M.CI.PCPI_IX,2018-06,105.354900260191
IMF/CPI/M.CI.PCPI_IX,2018-07,105.354900260191
IMF/CPI/M.CI.PCPI_IX,2018-08,105.445880312229
IMF/CPI/M.CI.PCPI_IX,2018-09,104.718039895924
IMF/CPI/M.CI.PCPI_IX,2018-10,104.9
IMF/CPI/M.CI.PCPI_IX,2018-11,104.8
IMF/CPI/M.CI.PCPI_IX,2018-12,105.6
IMF/CPI/M.CI.PCPI_IX,2019-01,103.2
IMF/CPI/M.CI.PCPI_IX,2019-02,103.0
IMF/CPI/M.CI.PCPI_IX,2019-03,103.3
IMF/CPI/M.CI.PCPI_IX,2019-04,103.7
IMF/CPI/M.CI.PCPI_IX,2019-05,104.1
IMF/CPI/M.CI.PCPI_IX,2019-06,104.7
IMF/CPI/M.CI.PCPI_IX,2019-07,104.3
IMF/CPI/M.CI.PCPI_IX,2019-08,103.3
IMF/CPI/M.CI.PCPI_IX,2019-09,103.5
IMF/CPI/M.CI.PCPI_IX,2019-10,103.4
IMF/CPI/M.CI.PCPI_IX,2019-11,104.5
IMF/CPI/M.CI.PCPI_IX,2019-12,105.0
IMF/CPI/M.CI.PCPI_IX,2020-01,105.29686132
IMF/CPI/M.CI.PCPI_IX,2020-02,105.67536855
IMF/CPI/M.CI.PCPI_IX,2020-03,105.8
IMF/CPI/M.CI.PCPI_IX,2020-04,106.1
IMF/CPI/M.CI.PCPI_IX,2020-05,106.5
IMF/CPI/M.CI.PCPI_IX,2020-06,107.6
IMF/CPI/M.CI.PCPI_IX,2020-07,107.2
IMF/CPI/M.CI.PCPI_IX,2020-08,106.14175455
IMF/CPI/M.CI.PCPI_IX,2020-09,105.50981741
IMF/CPI/M.CI.PCPI_IX,2020-10,106.61114881
IMF/CPI/M.CI.PCPI_IX,2020-11,106.31459584
IMF/CPI/M.CI.PCPI_IX,2020-12,107.46603536
IMF/CPI/M.CI.PCPI_IX,2021-01,107.70577688
IMF/CPI/M.CI.PCPI_IX,2021-02,109.08941447
IMF/CPI/M.CI.PCPI_IX,2021-03,109.28980983
IMF/CPI/M.CI.PCPI_IX,2021-04,110.26174122
IMF/CPI/M.CI.PCPI_IX,2021-05,110.0
IMF/CPI/M.CI.PCPI_IX,2021-06,111.4
IMF/CPI/M.CI.PCPI_IX,2021-07,111.40016617
IMF/CPI/M.CI.PCPI_IX,2021-08,111.2
IMF/CPI/M.CI.PCPI_IX,2021-09,111.01082988
IMF/CPI/M.CI.PCPI_IX,2021-10,111.3799711
IMF/CPI/M.CI.PCPI_IX,2021-11,112.2
IMF/CPI/M.CI.PCPI_IX,2021-12,113.5
IMF/CPI/M.CI.PCPI_IX,2022-01,113.73739074
IMF/CPI/M.CI.PCPI_IX,2022-02,114.09091408
IMF/CPI/M.CI.PCPI_IX,2022-03,114.2
IMF/CPI/M.CI.PCPI_IX,2022-04,114.7
IMF/CPI/M.CI.PCPI_IX,2022-05,114.9
IMF/CPI/M.CI.PCPI_IX,2022-06,117.4
IMF/CPI/M.CI.PCPI_IX,2022-07,117.4
IMF/CPI/M.CI.PCPI_IX,2022-08,118.0
IMF/CPI/M.CI.PCPI_IX,2022-09,118.0
IMF/CPI/M.CI.PCPI_IX,2022-10,118.3
IMF/CPI/M.CI.PCPI_IX,2022-11,118.6
IMF/CPI/M.CI.PCPI_IX,2022-12,119.2
IMF/CPI/M.CI.PCPI_IX,2023-01,119.2
IMF/CPI/M.CI.PCPI_IX,2023-02,119.6
IMF/CPI/M.CI.PCPI_IX,2023-03,120.1
IMF/CPI/M.CI.PCPI_IX,2023-04,120.7
IMF/CPI/M.CI.PCPI_IX,2023-05,120.4
IMF/CPI/M.CI.PCPI_IX,2023-06,122.2
IMF/CPI/M.CI.PCPI_IX,2023-07,122.8
IMF/CPI/M.CI.PCPI_IX,2023-08,122.28337881
IMF/CPI/M.CI.PCPI_IX,2023-09,123.0
IMF/CPI/M.CI.PCPI_IX,2023-10,122.7
IMF/CPI/M.CI.PCPI_IX,2023-11,122.9
IMF/CPI/M.CI.PCPI_IX,2023-12,124.0
IMF/CPI/M.CI.PCPI_IX,2024-01,122.9
IMF/CPI/M.CI.PCPI_IX,2024-02,123.9
IMF/CPI/M.CI.PCPI_IX,2024-03,124.7
IMF/CPI/M.CI.PCPI_IX,2024-04,125.086900964075
IMF/CPI/M.CI.PCPI_IX,2024-05,126.334398845869
IMF/CPI/M.CI.PCPI_IX,2024-06,127.209102215981
IMF/CPI/M.CI.PCPI_IX,2024-07,127.6489226318
IMF/CPI/M.CI.PCPI_IX,2024-08,127.8
IMF/CPI/M.CI.PCPI_IX,2024-09,126.4
IMF/CPI/M.CI.PCPI_IX,2024-10,125.888972702312
IMF/CPI/M.CI.PCPI_IX,2024-11,126.0677144598
IMF/CPI/M.CI.PCPI_IX,2024-12,126.552372404933
IMF/CPI/M.GW.PCPI_IX,2018-01,80.9418624349316
IMF/CPI/M.GW.PCPI_IX,2018-02,81.2097774780379
IMF/CPI/M.GW.PCPI_IX,2018-03,80.4060323487191
IMF/CPI/M.GW.PCPI_IX,2018-04,81.280696165919
IMF/CPI/M.GW.PCPI_IX,2018-05,83.1167021966179
IMF/CPI/M.GW.PCPI_IX,2018-06,82.7069497777495
IMF/CPI/M.GW.PCPI_IX,2018-07,82.4705541514792
IMF/CPI/M.GW.PCPI_IX,2018-08,82.8093878824666
IMF/CPI/M.GW.PCPI_IX,2018-09,83.0536633629458
IMF/CPI/M.GW.PCPI_IX,2018-10,83.5500941781133
IMF/CPI/M.GW.PCPI_IX,2018-11,82.7227094861675
IMF/CPI/M.GW.PCPI_IX,2018-12,83.1088223424089
IMF/CPI/M.GW.PCPI_IX,2019-01,82.8172677366756
IMF/CPI/M.GW.PCPI_IX,2019-02,83.211260447126
IMF/CPI/M.GW.PCPI_IX,2019-03,82.4469145888522
IMF/CPI/M.GW.PCPI_IX,2019-04,82.1002010036558
IMF/CPI/M.GW.PCPI_IX,2019-05,81.4461731043082
IMF/CPI/M.GW.PCPI_IX,2019-06,81.4540529585172
IMF/CPI/M.GW.PCPI_IX,2019-07,82.5493526935693
IMF/CPI/M.GW.PCPI_IX,2019-08,82.4469145888522
IMF/CPI/M.GW.PCPI_IX,2019-09,82.9748648208557
IMF/CPI/M.GW.PCPI_IX,2019-10,83.0694230713638
IMF/CPI/M.GW.PCPI_IX,2019-11,82.265677942045
IMF/CPI/M.GW.PCPI_IX,2019-12,83.0300238003188
IMF/CPI/M.GW.PCPI_IX,2020-01,83.0694230713638
IMF/CPI/M.GW.PCPI_IX,2020-02,82.265677942045
IMF/CPI/M.GW.PCPI_IX,2020-03,83.0300238003188
IMF/CPI/M.GW.PCPI_IX,2020-04,82.6202713814504
IMF/CPI/M.GW.PCPI_IX,2020-05,82.7384691945855
IMF/CPI/M.GW.PCPI_IX,2020-06,83.5264546154863
IMF/CPI/M.GW.PCPI_IX,2020-07,84.5508356626574
IMF/CPI/M.GW.PCPI_IX,2020-08,83.7864898043836
IMF/CPI/M.GW.PCPI_IX,2020-09,83.6919315538755
IMF/CPI/M.GW.PCPI_IX,2020-10,83.6052531575764
IMF/CPI/M.GW.PCPI_IX,2020-11,83.7470905333385
IMF/CPI/M.GW.PCPI_IX,2020-12,84.4641572663583
IMF/CPI/M.GW.PCPI_IX,2021-01,84.0780444101169
IMF/CPI/M.GW.PCPI_IX,2021-02,83.6052531575764
IMF/CPI/M.GW.PCPI_IX,2021-03,84.2750407653421
IMF/CPI/M.GW.PCPI_IX,2021-04,83.9992458680268
IMF/CPI/M.GW.PCPI_IX,2021-05,83.9204473259367
IMF/CPI/M.GW.PCPI_IX,2021-06,84.0780444101169
IMF/CPI/M.GW.PCPI_IX,2021-07,84.8187507057636
IMF/CPI/M.GW.PCPI_IX,2021-08,85.0866657488699
IMF/CPI/M.GW.PCPI_IX,2021-09,85.9219302950248
IMF/CPI/M.GW.PCPI_IX,2021-10,87.8118200862416
IMF/CPI/M.GW.PCPI_IX,2021-11,87.8850519542865
IMF/CPI/M.GW.PCPI_IX,2021-12,88.065250639875
IMF/CPI/M.GW.PCPI_IX,2022-01,89.4205855638244
IMF/CPI/M.GW.PCPI_IX,2022-02,89.5781826480046
IMF/CPI/M.GW.PCPI_IX,2022-03,89.7672991490207
IMF/CPI/M.GW.PCPI_IX,2022-04,90.4922457362495
IMF/CPI/M.GW.PCPI_IX,2022-05,91.1462736355972
IMF/CPI/M.GW.PCPI_IX,2022-06,93.0925976252222
IMF/CPI/M.GW.PCPI_IX,2022-07,94.2982153192004
IMF/CPI/M.GW.PCPI_IX,2022-08,95.8978257236291
IMF/CPI/M.GW.PCPI_IX,2022-09,95.4723135963426
IMF/CPI/M.GW.PCPI_IX,2022-10,96.1342213498993
IMF/CPI/M.GW.PCPI_IX,2022-11,96.772489540829
IMF/CPI/M.GW.PCPI_IX,2022-12,97.5919943785658
IMF/CPI/M.GW.PCPI_IX,2023-01,98.1041849021514
IMF/CPI/M.GW.PCPI_IX,2023-02,98.8133717809621
IMF/CPI/M.GW.PCPI_IX,2023-03,98.9079300314702
IMF/CPI/M.GW.PCPI_IX,2023-04,99.5855974934449
IMF/CPI/M.GW.PCPI_IX,2023-05,99.5855974934449
IMF/CPI/M.GW.PCPI_IX,2023-06,101.405843815726
IMF/CPI/M.GW.PCPI_IX,2023-07,101.681661186385
IMF/CPI/M.GW.PCPI_IX,2023-08,101.067097779636
IMF/CPI/M.GW.PCPI_IX,2023-09,99.9848742296685
IMF/CPI/M.GW.PCPI_IX,2023-10,99.7886383745159
IMF/CPI/M.GW.PCPI_IX,2023-11,99.6660518450596
IMF/CPI/M.GW.PCPI_IX,2023-12,100.594293257421
IMF/CPI/M.GW.PCPI_IX,2024-01,101.18350772477
IMF/CPI/M.GW.PCPI_IX,2024-02,101.30893379121
IMF/CPI/M.GW.PCPI_IX,2024-03,101.177328043665
IMF/CPI/M.GW.PCPI_IX,2024-04,102.436248593807
IMF/CPI/M.GW.PCPI_IX,2024-05,103.553161177224
IMF/CPI/M.GW.PCPI_IX,2024-06,104.083794665063
IMF/CPI/M.GW.PCPI_IX,2024-07,104.77034335312
IMF/CPI/M.GW.PCPI_IX,2024-08,104.880859521898
IMF/CPI/M.GW.PCPI_IX,2024-09,104.946980465986
IMF/CPI/M.GW.PCPI_IX,2024-10,104.672235961117
IMF/CPI/M.GW.PCPI_IX,2024-11,104.927764038883
IMF/CPI/M.GW.PCPI_IX,2024-12,106.4
IMF/CPI/M.GW.PCPI_IX,2025-01,106.7
IMF/CPI/M.GW.PCPI_IX,2025-02,107.189850994556
IMF/CPI/M.GW.PCPI_IX,2025-03,108.39554319233
IMF/CPI/M.GW.PCPI_IX,2025-04,106.374229709636
IMF/CPI/M.GW.PCPI_IX,2025-05,104.271318945154
IMF/CPI/M.ML.PCPI_IX,2018-01,87.6192857142857
IMF/CPI/M.ML.PCPI_IX,2018-02,87.9618831168831
IMF/CPI/M.ML.PCPI_IX,2018-03,86.9340909090909
IMF/CPI/M.ML.PCPI_IX,2018-04,86.7627922077922
IMF/CPI/M.ML.PCPI_IX,2018-05,83.7650649350649
IMF/CPI/M.ML.PCPI_IX,2018-06,87.1053896103896
IMF/CPI/M.ML.PCPI_IX,2018-07,88.3901298701299
IMF/CPI/M.ML.PCPI_IX,2018-08,88.7327272727273
IMF/CPI/M.ML.PCPI_IX,2018-09,88.904025974026
IMF/CPI/M.ML.PCPI_IX,2018-10,89.3322727272727
IMF/CPI/M.ML.PCPI_IX,2018-11,89.5035714285714
IMF/CPI/M.ML.PCPI_IX,2018-12,88.6470779220779
IMF/CPI/M.ML.PCPI_IX,2019-01,86.4201948051948
IMF/CPI/M.ML.PCPI_IX,2019-02,86.3345454545455
IMF/CPI/M.ML.PCPI_IX,2019-03,86.0775974025974
IMF/CPI/M.ML.PCPI_IX,2019-04,85.735
IMF/CPI/M.ML.PCPI_IX,2019-05,85.8206493506493
IMF/CPI/M.ML.PCPI_IX,2019-06,86.9340909090909
IMF/CPI/M.ML.PCPI_IX,2019-07,87.447987012987
IMF/CPI/M.ML.PCPI_IX,2019-08,86.8484415584416
IMF/CPI/M.ML.PCPI_IX,2019-09,86.9340909090909
IMF/CPI/M.ML.PCPI_IX,2019-10,86.1632467532468
IMF/CPI/M.ML.PCPI_IX,2019-11,85.9062987012987
IMF/CPI/M.ML.PCPI_IX,2019-12,85.5637012987013
IMF/CPI/M.ML.PCPI_IX,2020-01,85.735
IMF/CPI/M.ML.PCPI_IX,2020-02,86.3345454545455
IMF/CPI/M.ML.PCPI_IX,2020-03,84.4502597402597
IMF/CPI/M.ML.PCPI_IX,2020-04,84.1933116883117
IMF/CPI/M.ML.PCPI_IX,2020-05,84.8785064935065
IMF/CPI/M.ML.PCPI_IX,2020-06,86.4201948051948
IMF/CPI/M.ML.PCPI_IX,2020-07,87.9618831168831
IMF/CPI/M.ML.PCPI_IX,2020-08,88.5614285714286
IMF/CPI/M.ML.PCPI_IX,2020-09,88.1331818181818
IMF/CPI/M.ML.PCPI_IX,2020-10,89.9318181818182
IMF/CPI/M.ML.PCPI_IX,2020-11,87.9618831168831
IMF/CPI/M.ML.PCPI_IX,2020-12,86.1632467532468
IMF/CPI/M.ML.PCPI_IX,2021-01,86.4201948051948
IMF/CPI/M.ML.PCPI_IX,2021-02,87.2766883116883
IMF/CPI/M.ML.PCPI_IX,2021-03,87.7905844155844
IMF/CPI/M.ML.PCPI_IX,2021-04,88.2188311688312
IMF/CPI/M.ML.PCPI_IX,2021-05,89.3322727272727
IMF/CPI/M.ML.PCPI_IX,2021-06,89.9318181818182
IMF/CPI/M.ML.PCPI_IX,2021-07,89.6748701298701
IMF/CPI/M.ML.PCPI_IX,2021-08,89.8461688311688
IMF/CPI/M.ML.PCPI_IX,2021-09,92.33
IMF/CPI/M.ML.PCPI_IX,2021-10,93.2721428571429
IMF/CPI/M.ML.PCPI_IX,2021-11,93.7003896103896
IMF/CPI/M.ML.PCPI_IX,2021-12,93.786038961039
IMF/CPI/M.ML.PCPI_IX,2022-01,93.9573376623377
IMF/CPI/M.ML.PCPI_IX,2022-02,93.786038961039
IMF/CPI/M.ML.PCPI_IX,2022-03,94.6425324675325
IMF/CPI/M.ML.PCPI_IX,2022-04,96.3555194805195
IMF/CPI/M.ML.PCPI_IX,2022-05,97.9828571428571
IMF/CPI/M.ML.PCPI_IX,2022-06,98.4967532467532
IMF/CPI/M.ML.PCPI_IX,2022-07,100.29538961039
IMF/CPI/M.ML.PCPI_IX,2022-08,102.350974025974
IMF/CPI/M.ML.PCPI_IX,2022-09,102.779220779221
IMF/CPI/M.ML.PCPI_IX,2022-10,102.779220779221
IMF/CPI/M.ML.PCPI_IX,2022-11,101.151883116883
IMF/CPI/M.ML.PCPI_IX,2022-12,101.066233766234
IMF/CPI/M.ML.PCPI_IX,2023-01,99.6958441558442
IMF/CPI/M.ML.PCPI_IX,2023-02,99.3532467532468
IMF/CPI/M.ML.PCPI_IX,2023-03,101.837077922078
IMF/CPI/M.ML.PCPI_IX,2023-04,100.124090909091
IMF/CPI/M.ML.PCPI_IX,2023-05,100.894935064935
IMF/CPI/M.ML.PCPI_IX,2023-06,100.637987012987
IMF/CPI/M.ML.PCPI_IX,2023-07,100.894935064935
IMF/CPI/M.ML.PCPI_IX,2023-08,101.665779220779
IMF/CPI/M.ML.PCPI_IX,2023-09,102.350974025974
IMF/CPI/M.ML.PCPI_IX,2023-10,100.894935064935
IMF/CPI/M.ML.PCPI_IX,2023-11,101.151883116883
IMF/CPI/M.ML.PCPI_IX,2023-12,100.552337662338
IMF/CPI/M.ML.PCPI_IX,2024-01,100.20974025974
IMF/CPI/M.ML.PCPI_IX,2024-02,99.2675974025974
IMF/CPI/M.ML.PCPI_IX,2024-03,99.7814935064935
IMF/CPI/M.ML.PCPI_IX,2024-04,101.066233766234
IMF/CPI/M.ML.PCPI_IX,2024-05,102.094025974026
IMF/CPI/M.ML.PCPI_IX,2024-06,104.920454545455
IMF/CPI/M.ML.PCPI_IX,2024-07,106.376493506494
IMF/CPI/M.ML.PCPI_IX,2024-08,108.003831168831
IMF/CPI/M.ML.PCPI_IX,2024-09,107.918181818182
IMF/CPI/M.ML.PCPI_IX,2024-10,107.575584415584
IMF/CPI/M.ML.PCPI_IX,2024-11,106.119545454546
IMF/CPI/M.ML.PCPI_IX,2024-12,105.52
IMF/CPI/M.ML.PCPI_IX,2025-01,106.87
IMF/CPI/M.ML.PCPI_IX,2025-02,106.62
IMF/CPI/M.ML.PCPI_IX,2025-03,108.085483469252
IMF/CPI/M.ML.PCPI_IX,2025-04,108.942039633454
IMF/CPI/M.ML.PCPI_IX,2025-05,109.438766502695
IMF/CPI/M.NE.PCPI_IX,2018-01,88.1112252964427
IMF/CPI/M.NE.PCPI_IX,2018-02,87.2582608695652
IMF/CPI/M.NE.PCPI_IX,2018-03,87.2582608695652
IMF/CPI/M.NE.PCPI_IX,2018-04,88.6230039525692
IMF/CPI/M.NE.PCPI_IX,2018-05,89.8171541501976
IMF/CPI/M.NE.PCPI_IX,2018-06,90.4142292490119
IMF/CPI/M.NE.PCPI_IX,2018-07,89.5612648221344
IMF/CPI/M.NE.PCPI_IX,2018-08,89.9877470355731
IMF/CPI/M.NE.PCPI_IX,2018-09,89.2200790513834
IMF/CPI/M.NE.PCPI_IX,2018-10,88.6230039525692
IMF/CPI/M.NE.PCPI_IX,2018-11,88.1965217391304
IMF/CPI/M.NE.PCPI_IX,2018-12,88.3671146245059
IMF/CPI/M.NE.PCPI_IX,2019-01,86.5758893280633
IMF/CPI/M.NE.PCPI_IX,2019-02,86.5758893280633
IMF/CPI/M.NE.PCPI_IX,2019-03,86.1494071146245
IMF/CPI/M.NE.PCPI_IX,2019-04,86.1494071146245
IMF/CPI/M.NE.PCPI_IX,2019-05,86.661185770751
IMF/CPI/M.NE.PCPI_IX,2019-06,87.0876679841897
IMF/CPI/M.NE.PCPI_IX,2019-07,86.4052964426878
IMF/CPI/M.NE.PCPI_IX,2019-08,86.7464822134387
IMF/CPI/M.NE.PCPI_IX,2019-09,86.661185770751
IMF/CPI/M.NE.PCPI_IX,2019-10,87.002371541502
IMF/CPI/M.NE.PCPI_IX,2019-11,86.5758893280633
IMF/CPI/M.NE.PCPI_IX,2019-12,86.32
IMF/CPI/M.NE.PCPI_IX,2020-01,86.661185770751
IMF/CPI/M.NE.PCPI_IX,2020-02,86.8317786561265
IMF/CPI/M.NE.PCPI_IX,2020-03,87.1729644268775
IMF/CPI/M.NE.PCPI_IX,2020-04,88.1965217391304
IMF/CPI/M.NE.PCPI_IX,2020-05,89.0494861660079
IMF/CPI/M.NE.PCPI_IX,2020-06,89.3906719367589
IMF/CPI/M.NE.PCPI_IX,2020-07,90.8407114624506
IMF/CPI/M.NE.PCPI_IX,2020-08,91.6936758893281
IMF/CPI/M.NE.PCPI_IX,2020-09,91.2671936758893
IMF/CPI/M.NE.PCPI_IX,2020-10,89.9024505928854
IMF/CPI/M.NE.PCPI_IX,2020-11,89.0494861660079
IMF/CPI/M.NE.PCPI_IX,2020-12,88.9641897233202
IMF/CPI/M.NE.PCPI_IX,2021-01,89.9024505928854
IMF/CPI/M.NE.PCPI_IX,2021-02,90.9260079051383
IMF/CPI/M.NE.PCPI_IX,2021-03,90.5848221343874
IMF/CPI/M.NE.PCPI_IX,2021-04,91.1818972332016
IMF/CPI/M.NE.PCPI_IX,2021-05,91.6083794466403
IMF/CPI/M.NE.PCPI_IX,2021-06,92.717233201581
IMF/CPI/M.NE.PCPI_IX,2021-07,94.2525691699605
IMF/CPI/M.NE.PCPI_IX,2021-08,95.1055335968379
IMF/CPI/M.NE.PCPI_IX,2021-09,94.3378656126482
IMF/CPI/M.NE.PCPI_IX,2021-10,93.1437154150198
IMF/CPI/M.NE.PCPI_IX,2021-11,92.9731225296443
IMF/CPI/M.NE.PCPI_IX,2021-12,93.3143083003953
IMF/CPI/M.NE.PCPI_IX,2022-01,94.6790513833992
IMF/CPI/M.NE.PCPI_IX,2022-02,95.2761264822134
IMF/CPI/M.NE.PCPI_IX,2022-03,95.3614229249012
IMF/CPI/M.NE.PCPI_IX,2022-04,96.0437944664032
IMF/CPI/M.NE.PCPI_IX,2022-05,96.6408695652174
IMF/CPI/M.NE.PCPI_IX,2022-06,97.0673517786561
IMF/CPI/M.NE.PCPI_IX,2022-07,97.8350197628458
IMF/CPI/M.NE.PCPI_IX,2022-08,98.3467984189723
IMF/CPI/M.NE.PCPI_IX,2022-09,97.3232411067194
IMF/CPI/M.NE.PCPI_IX,2022-10,95.9584980237154
IMF/CPI/M.NE.PCPI_IX,2022-11,96.2143873517787
IMF/CPI/M.NE.PCPI_IX,2022-12,96.2143873517787
IMF/CPI/M.NE.PCPI_IX,2023-01,96.6408695652174
IMF/CPI/M.NE.PCPI_IX,2023-02,96.2996837944664
IMF/CPI/M.NE.PCPI_IX,2023-03,96.6408695652174
IMF/CPI/M.NE.PCPI_IX,2023-04,96.9820553359684
IMF/CPI/M.NE.PCPI_IX,2023-05,96.8967588932806
IMF/CPI/M.NE.PCPI_IX,2023-06,98.6879841897233
IMF/CPI/M.NE.PCPI_IX,2023-07,100.820395256917
IMF/CPI/M.NE.PCPI_IX,2023-08,103.038102766798
IMF/CPI/M.NE.PCPI_IX,2023-09,104.914624505929
IMF/CPI/M.NE.PCPI_IX,2023-10,102.952806324111
IMF/CPI/M.NE.PCPI_IX,2023-11,102.782213438735
IMF/CPI/M.NE.PCPI_IX,2023-12,103.123399209486
IMF/CPI/M.NE.PCPI_IX,2024-01,103.293992094862
IMF/CPI/M.NE.PCPI_IX,2024-02,104.146956521739
IMF/CPI/M.NE.PCPI_IX,2024-03,104.914624505929
IMF/CPI/M.NE.PCPI_IX,2024-04,107.644110671937
IMF/CPI/M.NE.PCPI_IX,2024-05,109.520632411067
IMF/CPI/M.NE.PCPI_IX,2024-06,113.95604743083
IMF/CPI/M.NE.PCPI_IX,2024-07,115.917865612648
IMF/CPI/M.NE.PCPI_IX,2024-08,113.529565217391
IMF/CPI/M.NE.PCPI_IX,2024-09,112.847193675889
IMF/CPI/M.NE.PCPI_IX,2024-10,108.326482213439
IMF/CPI/M.NE.PCPI_IX,2024-11,106.620553359684
IMF/CPI/M.NE.PCPI_IX,2024-12,107.9
IMF/CPI/M.NE.PCPI_IX,2025-01,107.6
IMF/CPI/M.NE.PCPI_IX,2025-02,107.9
IMF/CPI/M.NE.PCPI_IX,2025-03,109.8
IMF/CPI/M.NE.PCPI_IX,2025-04,108.2
IMF/CPI/M.NE.PCPI_IX,2025-05,105.3
IMF/CPI/M.SN.PCPI_IX,2018-01,80.5878857020471
IMF/CPI/M.SN.PCPI_IX,2018-02,81.4157133847842
IMF/CPI/M.SN.PCPI_IX,2018-03,80.1246059896897
IMF/CPI/M.SN.PCPI_IX,2018-04,80.1246059896897
IMF/CPI/M.SN.PCPI_IX,2018-05,79.1372885699115
IMF/CPI/M.SN.PCPI_IX,2018-06,78.3018661377915
IMF/CPI/M.SN.PCPI_IX,2018-07,79.8967635082024
IMF/CPI/M.SN.PCPI_IX,2018-08,81.7195033601006
IMF/CPI/M.SN.PCPI_IX,2018-09,82.2587305662871
IMF/CPI/M.SN.PCPI_IX,2018-10,81.7346928588664
IMF/CPI/M.SN.PCPI_IX,2018-11,81.2030604020628
IMF/CPI/M.SN.PCPI_IX,2018-12,81.7270981094835
IMF/CPI/M.SN.PCPI_IX,2019-01,81.0815444119362
IMF/CPI/M.SN.PCPI_IX,2019-02,81.3397658909551
IMF/CPI/M.SN.PCPI_IX,2019-03,80.8233229329173
IMF/CPI/M.SN.PCPI_IX,2019-04,81.0193057722309
IMF/CPI/M.SN.PCPI_IX,2019-05,81.0506630265211
IMF/CPI/M.SN.PCPI_IX,2019-06,81.3877535101404
IMF/CPI/M.SN.PCPI_IX,2019-07,81.5994149765991
IMF/CPI/M.SN.PCPI_IX,2019-08,83.1594134720359
IMF/CPI/M.SN.PCPI_IX,2019-09,83.5034178617785
IMF/CPI/M.SN.PCPI_IX,2019-10,83.8234212836583
IMF/CPI/M.SN.PCPI_IX,2019-11,83.5458134732059
IMF/CPI/M.SN.PCPI_IX,2019-12,82.9399375975039
IMF/CPI/M.SN.PCPI_IX,2020-01,83.0183307332293
IMF/CPI/M.SN.PCPI_IX,2020-02,82.783151326053
IMF/CPI/M.SN.PCPI_IX,2020-03,82.8615444617785
IMF/CPI/M.SN.PCPI_IX,2020-04,83.7238689547582
IMF/CPI/M.SN.PCPI_IX,2020-05,83.1751170046802
IMF/CPI/M.SN.PCPI_IX,2020-06,83.0183307332293
IMF/CPI/M.SN.PCPI_IX,2020-07,83.8022620904836
IMF/CPI/M.SN.PCPI_IX,2020-08,85.6053042121685
IMF/CPI/M.SN.PCPI_IX,2020-09,85.8404836193448
IMF/CPI/M.SN.PCPI_IX,2020-10,85.9972698907956
IMF/CPI/M.SN.PCPI_IX,2020-11,85.5269110764431
IMF/CPI/M.SN.PCPI_IX,2020-12,84.9781591263651
IMF/CPI/M.SN.PCPI_IX,2021-01,83.8022620904836
IMF/CPI/M.SN.PCPI_IX,2021-02,84.1942277691108
IMF/CPI/M.SN.PCPI_IX,2021-03,83.8022620904836
IMF/CPI/M.SN.PCPI_IX,2021-04,83.9590483619345
IMF/CPI/M.SN.PCPI_IX,2021-05,84.2726209048362
IMF/CPI/M.SN.PCPI_IX,2021-06,84.6645865834633
IMF/CPI/M.SN.PCPI_IX,2021-07,86.3108424336973
IMF/CPI/M.SN.PCPI_IX,2021-08,87.8787051482059
IMF/CPI/M.SN.PCPI_IX,2021-09,88.4274570982839
IMF/CPI/M.SN.PCPI_IX,2021-10,88.7410296411856
IMF/CPI/M.SN.PCPI_IX,2021-11,88.1138845553822
IMF/CPI/M.SN.PCPI_IX,2021-12,88.1922776911076
IMF/CPI/M.SN.PCPI_IX,2022-01,88.4091247925809
IMF/CPI/M.SN.PCPI_IX,2022-02,89.6718491167158
IMF/CPI/M.SN.PCPI_IX,2022-03,88.9905961333234
IMF/CPI/M.SN.PCPI_IX,2022-04,89.8477392289628
IMF/CPI/M.SN.PCPI_IX,2022-05,90.5190811931945
IMF/CPI/M.SN.PCPI_IX,2022-06,92.2191596930167
IMF/CPI/M.SN.PCPI_IX,2022-07,95.7485540992051
IMF/CPI/M.SN.PCPI_IX,2022-08,97.8518467696241
IMF/CPI/M.SN.PCPI_IX,2022-09,98.940242400789
IMF/CPI/M.SN.PCPI_IX,2022-10,100.283481300684
IMF/CPI/M.SN.PCPI_IX,2022-11,100.510113593408
IMF/CPI/M.SN.PCPI_IX,2022-12,99.4734194292274
IMF/CPI/M.SN.PCPI_IX,2023-01,97.7596233914132
IMF/CPI/M.SN.PCPI_IX,2023-02,98.1401623476024
IMF/CPI/M.SN.PCPI_IX,2023-03,97.4582870430568
IMF/CPI/M.SN.PCPI_IX,2023-04,97.9665433951227
IMF/CPI/M.SN.PCPI_IX,2023-05,98.0250536679991
IMF/CPI/M.SN.PCPI_IX,2023-06,99.0976717856742
IMF/CPI/M.SN.PCPI_IX,2023-07,101.193079987309
IMF/CPI/M.SN.PCPI_IX,2023-08,103.026262540309
IMF/CPI/M.SN.PCPI_IX,2023-09,102.669721134151
IMF/CPI/M.SN.PCPI_IX,2023-10,102.699280764705
IMF/CPI/M.SN.PCPI_IX,2023-11,101.45257980732
IMF/CPI/M.SN.PCPI_IX,2023-12,100.239463619148
IMF/CPI/M.SN.PCPI_IX,2024-01,99.7747830340556
IMF/CPI/M.SN.PCPI_IX,2024-02,100.416360673438
IMF/CPI/M.SN.PCPI_IX,2024-03,100.647640172062
IMF/CPI/M.SN.PCPI_IX,2024-04,100.214351507071
IMF/CPI/M.SN.PCPI_IX,2024-05,100.044461978157
IMF/CPI/M.SN.PCPI_IX,2024-06,100.421606864275
IMF/CPI/M.SN.PCPI_IX,2024-07,100.5
IMF/CPI/M.SN.PCPI_IX,2024-08,101.127145085803
IMF/CPI/M.SN.PCPI_IX,2024-09,101.989469578783
IMF/CPI/M.SN.PCPI_IX,2024-10,102.459828393136
IMF/CPI/M.SN.PCPI_IX,2024-11,101.283931357254
IMF/CPI/M.SN.PCPI_IX,2024-12,100.5
IMF/CPI/M.SN.PCPI_IX,2025-01,101.6
IMF/CPI/M.SN.PCPI_IX,2025-02,101.0
IMF/CPI/M.SN.PCPI_IX,2025-03,100.5
IMF/CPI/M.SN.PCPI_IX,2025-04,100.0
IMF/CPI/M.SN.PCPI_IX,2025-05,100.3
IMF/CPI/M.TG.PCPI_IX,2018-01,81.2352671983799
IMF/CPI/M.TG.PCPI_IX,2018-02,81.2332508996028
IMF/CPI/M.TG.PCPI_IX,2018-03,81.1635146631358
IMF/CPI/M.TG.PCPI_IX,2018-04,83.0701587865099
IMF/CPI/M.TG.PCPI_IX,2018-05,84.3392409580185
IMF/CPI/M.TG.PCPI_IX,2018-06,83.5558161476751
IMF/CPI/M.TG.PCPI_IX,2018-07,83.0216712983877
IMF/CPI/M.TG.PCPI_IX,2018-08,82.4432371290599
IMF/CPI/M.TG.PCPI_IX,2018-09,81.4629250813926
IMF/CPI/M.TG.PCPI_IX,2018-10,81.3011196915648
IMF/CPI/M.TG.PCPI_IX,2018-11,82.0975290521069
IMF/CPI/M.TG.PCPI_IX,2018-12,82.6890257808241
IMF/CPI/M.TG.PCPI_IX,2019-01,83.2980546771555
IMF/CPI/M.TG.PCPI_IX,2019-02,82.9382547971026
IMF/CPI/M.TG.PCPI_IX,2019-03,82.785263649817
IMF/CPI/M.TG.PCPI_IX,2019-04,82.8092331676922
IMF/CPI/M.TG.PCPI_IX,2019-05,83.9329022275878
IMF/CPI/M.TG.PCPI_IX,2019-06,84.6091201215048
IMF/CPI/M.TG.PCPI_IX,2019-07,83.5586212944933
IMF/CPI/M.TG.PCPI_IX,2019-08,82.2280551444817
IMF/CPI/M.TG.PCPI_IX,2019-09,81.7504478541943
IMF/CPI/M.TG.PCPI_IX,2019-10,81.5912454240984
IMF/CPI/M.TG.PCPI_IX,2019-11,82.3872575745775
IMF/CPI/M.TG.PCPI_IX,2019-12,82.3872575745775
IMF/CPI/M.TG.PCPI_IX,2020-01,83.8991107157878
IMF/CPI/M.TG.PCPI_IX,2020-02,83.8198294976244
IMF/CPI/M.TG.PCPI_IX,2020-03,83.8198294976244
IMF/CPI/M.TG.PCPI_IX,2020-04,84.276515996573
IMF/CPI/M.TG.PCPI_IX,2020-05,84.7564102297687
IMF/CPI/M.TG.PCPI_IX,2020-06,84.9064847885349
IMF/CPI/M.TG.PCPI_IX,2020-07,84.2826166336942
IMF/CPI/M.TG.PCPI_IX,2020-08,84.811643124854
IMF/CPI/M.TG.PCPI_IX,2020-09,84.1664816449879
IMF/CPI/M.TG.PCPI_IX,2020-10,84.1756469288886
IMF/CPI/M.TG.PCPI_IX,2020-11,83.9314335851702
IMF/CPI/M.TG.PCPI_IX,2020-12,84.3252852729963
IMF/CPI/M.TG.PCPI_IX,2021-01,85.3695003800919
IMF/CPI/M.TG.PCPI_IX,2021-02,85.5023747083106
IMF/CPI/M.TG.PCPI_IX,2021-03,85.5964633444972
IMF/CPI/M.TG.PCPI_IX,2021-04,84.9753876002804
IMF/CPI/M.TG.PCPI_IX,2021-05,87.2832918965652
IMF/CPI/M.TG.PCPI_IX,2021-06,88.1281489446219
IMF/CPI/M.TG.PCPI_IX,2021-07,89.5495687374406
IMF/CPI/M.TG.PCPI_IX,2021-08,90.5439590560013
IMF/CPI/M.TG.PCPI_IX,2021-09,89.9280741070177
IMF/CPI/M.TG.PCPI_IX,2021-10,88.949955072825
IMF/CPI/M.TG.PCPI_IX,2021-11,88.8727188098762
IMF/CPI/M.TG.PCPI_IX,2021-12,88.8016500490693
IMF/CPI/M.TG.PCPI_IX,2022-01,90.5637853306332
IMF/CPI/M.TG.PCPI_IX,2022-02,91.8976923436405
IMF/CPI/M.TG.PCPI_IX,2022-03,92.8173299571618
IMF/CPI/M.TG.PCPI_IX,2022-04,93.8498325414752
IMF/CPI/M.TG.PCPI_IX,2022-05,95.2030531972895
IMF/CPI/M.TG.PCPI_IX,2022-06,95.601059272529
IMF/CPI/M.TG.PCPI_IX,2022-07,95.9194641327206
IMF/CPI/M.TG.PCPI_IX,2022-08,96.2378689929122
IMF/CPI/M.TG.PCPI_IX,2022-09,95.9194641327206
IMF/CPI/M.TG.PCPI_IX,2022-10,95.2826544123374
IMF/CPI/M.TG.PCPI_IX,2022-11,96.5562738531038
IMF/CPI/M.TG.PCPI_IX,2022-12,97.5910896487265
IMF/CPI/M.TG.PCPI_IX,2023-01,98.7055066593971
IMF/CPI/M.TG.PCPI_IX,2023-02,97.5910896487265
IMF/CPI/M.TG.PCPI_IX,2023-03,98.3075005841577
IMF/CPI/M.TG.PCPI_IX,2023-04,100.377132175403
IMF/CPI/M.TG.PCPI_IX,2023-05,100.695537035595
IMF/CPI/M.TG.PCPI_IX,2023-06,101.332346755978
IMF/CPI/M.TG.PCPI_IX,2023-07,102.128358906457
IMF/CPI/M.TG.PCPI_IX,2023-08,99.8995248851157
IMF/CPI/M.TG.PCPI_IX,2023-09,99.4219175948283
IMF/CPI/M.TG.PCPI_IX,2023-10,100.058727315211
IMF/CPI/M.TG.PCPI_IX,2023-11,100.353251810889
IMF/CPI/M.TG.PCPI_IX,2023-12,101.005981774281
IMF/CPI/M.TG.PCPI_IX,2024-01,100.607975699042
IMF/CPI/M.TG.PCPI_IX,2024-02,101.05374250331
IMF/CPI/M.TG.PCPI_IX,2024-03,100.966181166757
IMF/CPI/M.TG.PCPI_IX,2024-04,102.94825142145
IMF/CPI/M.TG.PCPI_IX,2024-05,104.595996572942
IMF/CPI/M.TG.PCPI_IX,2024-06,105.630812368565
IMF/CPI/M.TG.PCPI_IX,2024-07,106.17210063089
IMF/CPI/M.TG.PCPI_IX,2024-08,104.038788067607
IMF/CPI/M.TG.PCPI_IX,2024-09,102.605966196744
IMF/CPI/M.TG.PCPI_IX,2024-10,101.730352831217
IMF/CPI/M.TG.PCPI_IX,2024-11,101.674631980684
IMF/CPI/M.TG.PCPI_IX,2024-12,102.2
IMF/CPI/M.TG.PCPI_IX,2025-01,102.8
IMF/CPI/M.TG.PCPI_IX,2025-02,103.2
IMF/CPI/M.TG.PCPI_IX,2025-03,102.8
IMF/CPI/M.TG.PCPI_IX,2025-04,103.8
IMF/CPI/M.TG.PCPI_IX,2025-05,104.6
IMF/CPI/M.TG.PCPI_IX,2025-06,106.1
