@frequency,provider_code,dataset_code,dataset_name,series_code,series_name,original_period,period,original_value,value,country,label,Country,Label
annual,BCEAO,TAUXINFL_A,TAUX D'INFATION EN MOYENNE ANNUELLE,CCCSR3072A0BP,BURKINA FASO – Taux d'inflation moyen annuel (IPC) (en %),1960,1960-01-01,NA,,CCC,SR3072A0BP,BURKINA FASO,Taux d'inflation moyen annuel (IPC) (en %)
annual,BCEAO,TAUXINFL_A,TAUX D'INFATION EN MOYENNE ANNUELLE,CCCSR3072A0BP,BURKINA FASO – Taux d'inflation moyen annuel (IPC) (en %),1961,1961-01-01,NA,,CCC,SR3072A0BP,BURKINA FASO,Taux d'inflation moyen annuel (IPC) (en %)
annual,BCEAO,TAUXINFL_A,TAUX D'INFATION EN MOYENNE ANNUELLE,CCCSR3072A0BP,BURKINA FASO – Taux d'inflation moyen annuel (IPC) (en %),1962,1962-01-01,NA,,CCC,SR3072A0BP,BURKINA FASO,Taux d'inflation moyen annuel (IPC) (en %)
annual,BCEAO,TAUXINFL_A,TAUX D'INFATION EN MOYENNE ANNUELLE,CCCSR3072A0BP,BURKINA FASO – Taux d'inflation moyen annuel (IPC) (en %),1963,1963-01-01,NA,,CCC,SR3072A0BP,BURKINA FASO,Taux d'inflation moyen annuel (IPC) (en %)
annual,BCEAO,TAUXINFL_A,TAUX D'INFATION EN MOYENNE ANNUELLE,CCCSR3072A0BP,BURKINA FASO – Taux d'inflation moyen annuel (IPC) (en %),1964,1964-01-01,NA,,CCC,SR3072A0BP,BURKINA FASO,Taux d'inflation moyen annuel (IPC) (en %)
annual,BCEAO,TAUXINFL_A,TAUX D'INFATION EN MOYENNE ANNUELLE,CCCSR3072A0BP,BURKINA FASO – Taux d'inflation moyen annuel (IPC) (en %),1965,1965-01-01,NA,,CCC,SR3072A0BP,BURKINA FASO,Taux d'inflation moyen annuel (IPC) (en %)
annual,BCEAO,TAUXINFL_A,TAUX D'INFATION EN MOYENNE ANNUELLE,CCCSR3072A0BP,BURKINA FASO – Taux d'inflation moyen annuel (IPC) (en %),1966,1966-01-01,NA,,CCC,SR3072A0BP,BURKINA FASO,Taux d'inflation moyen annuel (IPC) (en %)
annual,BCEAO,TAUXINFL_A,TAUX D'INFATION EN MOYENNE ANNUELLE,CCCSR3072A0BP,BURKINA FASO – Taux d'inflation moyen annuel (IPC) (en %),1967,1967-01-01,NA,,CCC,SR3072A0BP,BURKINA FASO,Taux d'inflation moyen annuel (IPC) (en %)
annual,BCEAO,TAUXINFL_A,TAUX D'INFATION EN MOYENNE ANNUELLE,CCCSR3072A0BP,BURKINA FASO – Taux d'inflation moyen annuel (IPC) (en %),1968,1968-01-01,NA,,CCC,SR3072A0BP,BURKINA FASO,Taux d'inflation moyen annuel (IPC) (en %)
annual,BCEAO,TAUXINFL_A,TAUX D'INFATION EN MOYENNE ANNUELLE,CCCSR3072A0BP,BURKINA FASO – Taux d'inflation moyen annuel (IPC) (en %),1969,1969-01-01,NA,,CCC,SR3072A0BP,BURKINA FASO,Taux d'inflation moyen annuel (IPC) (en %)
annual,BCEAO,TAUXINFL_A,TAUX D'INFATION EN MOYENNE ANNUELLE,CCCSR3072A0BP,BURKINA FASO – Taux d'inflation moyen annuel (IPC) (en %),1970,1970-01-01,NA,,CCC,SR3072A0BP,BURKINA FASO,Taux d'inflation moyen annuel (IPC) (en %)
annual,BCEAO,TAUXINFL_A,TAUX D'INFATION EN MOYENNE ANNUELLE,CCCSR3072A0BP,BURKINA FASO – Taux d'inflation moyen annuel (IPC) (en %),1971,1971-01-01,NA,,CCC,SR3072A0BP,BURKINA FASO,Taux d'inflation moyen annuel (IPC) (en %)
annual,BCEAO,TAUXINFL_A,TAUX D'INFATION EN MOYENNE ANNUELLE,CCCSR3072A0BP,BURKINA FASO – Taux d'inflation moyen annuel (IPC) (en %),1972,1972-01-01,NA,,CCC,SR3072A0BP,BURKINA FASO,Taux d'inflation moyen annuel (IPC) (en %)
annual,BCEAO,TAUXINFL_A,TAUX D'INFATION EN MOYENNE ANNUELLE,CCCSR3072A0BP,BURKINA FASO – Taux d'inflation moyen annuel (IPC) (en %),1973,1973-01-01,NA,,CCC,SR3072A0BP,BURKINA FASO,Taux d'inflation moyen annuel (IPC) (en %)
annual,BCEAO,TAUXINFL_A,TAUX D'INFATION EN MOYENNE ANNUELLE,CCCSR3072A0BP,BURKINA FASO – Taux d'inflation moyen annuel (IPC) (en %),1974,1974-01-01,NA,,CCC,SR3072A0BP,BURKINA FASO,Taux d'inflation moyen annuel (IPC) (en %)
annual,BCEAO,TAUXINFL_A,TAUX D'INFATION EN MOYENNE ANNUELLE,CCCSR3072A0BP,BURKINA FASO – Taux d'inflation moyen annuel (IPC) (en %),1975,1975-01-01,NA,,CCC,SR3072A0BP,BURKINA FASO,Taux d'inflation moyen annuel (IPC) (en %)
annual,BCEAO,TAUXINFL_A,TAUX D'INFATION EN MOYENNE ANNUELLE,CCCSR3072A0BP,BURKINA FASO – Taux d'inflation moyen annuel (IPC) (en %),1976,1976-01-01,NA,,CCC,SR3072A0BP,BURKINA FASO,Taux d'inflation moyen annuel (IPC) (en %)
annual,BCEAO,TAUXINFL_A,TAUX D'INFATION EN MOYENNE ANNUELLE,CCCSR3072A0BP,BURKINA FASO – Taux d'inflation moyen annuel (IPC) (en %),1977,1977-01-01,NA,,CCC,SR3072A0BP,BURKINA FASO,Taux d'inflation moyen annuel (IPC) (en %)
annual,BCEAO,TAUXINFL_A,TAUX D'INFATION EN MOYENNE ANNUELLE,CCCSR3072A0BP,BURKINA FASO – Taux d'inflation moyen annuel (IPC) (en %),1978,1978-01-01,NA,,CCC,SR3072A0BP,BURKINA FASO,Taux d'inflation moyen annuel (IPC) (en %)
annual,BCEAO,TAUXINFL_A,TAUX D'INFATION EN MOYENNE ANNUELLE,CCCSR3072A0BP,BURKINA FASO – Taux d'inflation moyen annuel (IPC) (en %),1979,1979-01-01,NA,,CCC,SR3072A0BP,BURKINA FASO,Taux d'inflation moyen annuel (IPC) (en %)
annual,BCEAO,TAUXINFL_A,TAUX D'INFATION EN MOYENNE ANNUELLE,CCCSR3072A0BP,BURKINA FASO – Taux d'inflation moyen annuel (IPC) (en %),1980,1980-01-01,NA,,CCC,SR3072A0BP,BURKINA FASO,Taux d'inflation moyen annuel (IPC) (en %)
annual,BCEAO,TAUXINFL_A,TAUX D'INFATION EN MOYENNE ANNUELLE,CCCSR3072A0BP,BURKINA FASO – Taux d'inflation moyen annuel (IPC) (en %),1981,1981-01-01,NA,,CCC,SR3072A0BP,BURKINA FASO,Taux d'inflation moyen annuel (IPC) (en %)
annual,BCEAO,TAUXINFL_A,TAUX D'INFATION EN MOYENNE ANNUELLE,CCCSR3072A0BP,BURKINA FASO – Taux d'inflation moyen annuel (IPC) (en %),1982,1982-01-01,NA,,CCC,SR3072A0BP,BURKINA FASO,Taux d'inflation moyen annuel (IPC) (en %)
annual,BCEAO,TAUXINFL_A,TAUX D'INFATION EN MOYENNE ANNUELLE,CCCSR3072A0BP,BURKINA FASO – Taux d'inflation moyen annuel (IPC) (en %),1983,1983-01-01,NA,,CCC,SR3072A0BP,BURKINA FASO,Taux d'inflation moyen annuel (IPC) (en %)
annual,BCEAO,TAUXINFL_A,TAUX D'INFATION EN MOYENNE ANNUELLE,CCCSR3072A0BP,BURKINA FASO – Taux d'inflation moyen annuel (IPC) (en %),1984,1984-01-01,NA,,CCC,SR3072A0BP,BURKINA FASO,Taux d'inflation moyen annuel (IPC) (en %)
annual,BCEAO,TAUXINFL_A,TAUX D'INFATION EN MOYENNE ANNUELLE,CCCSR3072A0BP,BURKINA FASO – Taux d'inflation moyen annuel (IPC) (en %),1985,1985-01-01,NA,,CCC,SR3072A0BP,BURKINA FASO,Taux d'inflation moyen annuel (IPC) (en %)
annual,BCEAO,TAUXINFL_A,TAUX D'INFATION EN MOYENNE ANNUELLE,CCCSR3072A0BP,BURKINA FASO – Taux d'inflation moyen annuel (IPC) (en %),1986,1986-01-01,NA,,CCC,SR3072A0BP,BURKINA FASO,Taux d'inflation moyen annuel (IPC) (en %)
annual,BCEAO,TAUXINFL_A,TAUX D'INFATION EN MOYENNE ANNUELLE,CCCSR3072A0BP,BURKINA FASO – Taux d'inflation moyen annuel (IPC) (en %),1987,1987-01-01,NA,,CCC,SR3072A0BP,BURKINA FASO,Taux d'inflation moyen annuel (IPC) (en %)
annual,BCEAO,TAUXINFL_A,TAUX D'INFATION EN MOYENNE ANNUELLE,CCCSR3072A0BP,BURKINA FASO – Taux d'inflation moyen annuel (IPC) (en %),1988,1988-01-01,NA,,CCC,SR3072A0BP,BURKINA FASO,Taux d'inflation moyen annuel (IPC) (en %)
annual,BCEAO,TAUXINFL_A,TAUX D'INFATION EN MOYENNE ANNUELLE,CCCSR3072A0BP,BURKINA FASO – Taux d'inflation moyen annuel (IPC) (en %),1989,1989-01-01,NA,,CCC,SR3072A0BP,BURKINA FASO,Taux d'inflation moyen annuel (IPC) (en %)
annual,BCEAO,TAUXINFL_A,TAUX D'INFATION EN MOYENNE ANNUELLE,CCCSR3072A0BP,BURKINA FASO – Taux d'inflation moyen annuel (IPC) (en %),1990,1990-01-01,NA,,CCC,SR3072A0BP,BURKINA FASO,Taux d'inflation moyen annuel (IPC) (en %)
annual,BCEAO,TAUXINFL_A,TAUX D'INFATION EN MOYENNE ANNUELLE,CCCSR3072A0BP,BURKINA FASO – Taux d'inflation moyen annuel (IPC) (en %),1991,1991-01-01,NA,,CCC,SR3072A0BP,BURKINA FASO,Taux d'inflation moyen annuel (IPC) (en %)
annual,BCEAO,TAUXINFL_A,TAUX D'INFATION EN MOYENNE ANNUELLE,CCCSR3072A0BP,BURKINA FASO – Taux d'inflation moyen annuel (IPC) (en %),1992,1992-01-01,NA,,CCC,SR3072A0BP,BURKINA FASO,Taux d'inflation moyen annuel (IPC) (en %)
annual,BCEAO,TAUXINFL_A,TAUX D'INFATION EN MOYENNE ANNUELLE,CCCSR3072A0BP,BURKINA FASO – Taux d'inflation moyen annuel (IPC) (en %),1993,1993-01-01,NA,,CCC,SR3072A0BP,BURKINA FASO,Taux d'inflation moyen annuel (IPC) (en %)
annual,BCEAO,TAUXINFL_A,TAUX D'INFATION EN MOYENNE ANNUELLE,CCCSR3072A0BP,BURKINA FASO – Taux d'inflation moyen annuel (IPC) (en %),1994,1994-01-01,NA,,CCC,SR3072A0BP,BURKINA FASO,Taux d'inflation moyen annuel (IPC) (en %)
annual,BCEAO,TAUXINFL_A,TAUX D'INFATION EN MOYENNE ANNUELLE,CCCSR3072A0BP,BURKINA FASO – Taux d'inflation moyen annuel (IPC) (en %),1995,1995-01-01,NA,,CCC,SR3072A0BP,BURKINA FASO,Taux d'inflation moyen annuel (IPC) (en %)
annual,BCEAO,TAUXINFL_A,TAUX D'INFATION EN MOYENNE ANNUELLE,CCCSR3072A0BP,BURKINA FASO – Taux d'inflation moyen annuel (IPC) (en %),1996,1996-01-01,NA,,CCC,SR3072A0BP,BURKINA FASO,Taux d'inflation moyen annuel (IPC) (en %)
annual,BCEAO,TAUXINFL_A,TAUX D'INFATION EN MOYENNE ANNUELLE,CCCSR3072A0BP,BURKINA FASO – Taux d'inflation moyen annuel (IPC) (en %),1997,1997-01-01,NA,,CCC,SR3072A0BP,BURKINA FASO,Taux d'inflation moyen annuel (IPC) (en %)
annual,BCEAO,TAUXINFL_A,TAUX D'INFATION EN MOYENNE ANNUELLE,CCCSR3072A0BP,BURKINA FASO – Taux d'inflation moyen annuel (IPC) (en %),1998,1998-01-01,4.91,4.91,CCC,SR3072A0BP,BURKINA FASO,Taux d'inflation moyen annuel (IPC) (en %)
annual,BCEAO,TAUXINFL_A,TAUX D'INFATION EN MOYENNE ANNUELLE,CCCSR3072A0BP,BURKINA FASO – Taux d'inflation moyen annuel (IPC) (en %),1999,1999-01-01,-1.08,-1.08,CCC,SR3072A0BP,BURKINA FASO,Taux d'inflation moyen annuel (IPC) (en %)
annual,BCEAO,TAUXINFL_A,TAUX D'INFATION EN MOYENNE ANNUELLE,CCCSR3072A0BP,BURKINA FASO – Taux d'inflation moyen annuel (IPC) (en %),2000,2000-01-01,-0.17,-0.17,CCC,SR3072A0BP,BURKINA FASO,Taux d'inflation moyen annuel (IPC) (en %)
annual,BCEAO,TAUXINFL_A,TAUX D'INFATION EN MOYENNE ANNUELLE,CCCSR3072A0BP,BURKINA FASO – Taux d'inflation moyen annuel (IPC) (en %),2001,2001-01-01,4.73,4.73,CCC,SR3072A0BP,BURKINA FASO,Taux d'inflation moyen annuel (IPC) (en %)
annual,BCEAO,TAUXINFL_A,TAUX D'INFATION EN MOYENNE ANNUELLE,CCCSR3072A0BP,BURKINA FASO – Taux d'inflation moyen annuel (IPC) (en %),2002,2002-01-01,2.3,2.3,CCC,SR3072A0BP,BURKINA FASO,Taux d'inflation moyen annuel (IPC) (en %)
annual,BCEAO,TAUXINFL_A,TAUX D'INFATION EN MOYENNE ANNUELLE,CCCSR3072A0BP,BURKINA FASO – Taux d'inflation moyen annuel (IPC) (en %),2003,2003-01-01,2.04,2.04,CCC,SR3072A0BP,BURKINA FASO,Taux d'inflation moyen annuel (IPC) (en %)
annual,BCEAO,TAUXINFL_A,TAUX D'INFATION EN MOYENNE ANNUELLE,CCCSR3072A0BP,BURKINA FASO – Taux d'inflation moyen annuel (IPC) (en %),2004,2004-01-01,-0.4,-0.4,CCC,SR3072A0BP,BURKINA FASO,Taux d'inflation moyen annuel (IPC) (en %)
annual,BCEAO,TAUXINFL_A,TAUX D'INFATION EN MOYENNE ANNUELLE,CCCSR3072A0BP,BURKINA FASO – Taux d'inflation moyen annuel (IPC) (en %),2005,2005-01-01,6.41,6.41,CCC,SR3072A0BP,BURKINA FASO,Taux d'inflation moyen annuel (IPC) (en %)
annual,BCEAO,TAUXINFL_A,TAUX D'INFATION EN MOYENNE ANNUELLE,CCCSR3072A0BP,BURKINA FASO – Taux d'inflation moyen annuel (IPC) (en %),2006,2006-01-01,2.34,2.34,CCC,SR3072A0BP,BURKINA FASO,Taux d'inflation moyen annuel (IPC) (en %)
annual,BCEAO,TAUXINFL_A,TAUX D'INFATION EN MOYENNE ANNUELLE,CCCSR3072A0BP,BURKINA FASO – Taux d'inflation moyen annuel (IPC) (en %),2007,2007-01-01,-0.23,-0.23,CCC,SR3072A0BP,BURKINA FASO,Taux d'inflation moyen annuel (IPC) (en %)
annual,BCEAO,TAUXINFL_A,TAUX D'INFATION EN MOYENNE ANNUELLE,CCCSR3072A0BP,BURKINA FASO – Taux d'inflation moyen annuel (IPC) (en %),2008,2008-01-01,10.67,10.67,CCC,SR3072A0BP,BURKINA FASO,Taux d'inflation moyen annuel (IPC) (en %)
annual,BCEAO,TAUXINFL_A,TAUX D'INFATION EN MOYENNE ANNUELLE,CCCSR3072A0BP,BURKINA FASO – Taux d'inflation moyen annuel (IPC) (en %),2009,2009-01-01,0.86,0.86,CCC,SR3072A0BP,BURKINA FASO,Taux d'inflation moyen annuel (IPC) (en %)
annual,BCEAO,TAUXINFL_A,TAUX D'INFATION EN MOYENNE ANNUELLE,CCCSR3072A0BP,BURKINA FASO – Taux d'inflation moyen annuel (IPC) (en %),2010,2010-01-01,-0.6,-0.6,CCC,SR3072A0BP,BURKINA FASO,Taux d'inflation moyen annuel (IPC) (en %)
annual,BCEAO,TAUXINFL_A,TAUX D'INFATION EN MOYENNE ANNUELLE,CCCSR3072A0BP,BURKINA FASO – Taux d'inflation moyen annuel (IPC) (en %),2011,2011-01-01,2.8,2.8,CCC,SR3072A0BP,BURKINA FASO,Taux d'inflation moyen annuel (IPC) (en %)
annual,BCEAO,TAUXINFL_A,TAUX D'INFATION EN MOYENNE ANNUELLE,CCCSR3072A0BP,BURKINA FASO – Taux d'inflation moyen annuel (IPC) (en %),2012,2012-01-01,3.8,3.8,CCC,SR3072A0BP,BURKINA FASO,Taux d'inflation moyen annuel (IPC) (en %)
annual,BCEAO,TAUXINFL_A,TAUX D'INFATION EN MOYENNE ANNUELLE,CCCSR3072A0BP,BURKINA FASO – Taux d'inflation moyen annuel (IPC) (en %),2013,2013-01-01,0.5,0.5,CCC,SR3072A0BP,BURKINA FASO,Taux d'inflation moyen annuel (IPC) (en %)
annual,BCEAO,TAUXINFL_A,TAUX D'INFATION EN MOYENNE ANNUELLE,CCCSR3072A0BP,BURKINA FASO – Taux d'inflation moyen annuel (IPC) (en %),2014,2014-01-01,-0.3,-0.3,CCC,SR3072A0BP,BURKINA FASO,Taux d'inflation moyen annuel (IPC) (en %)
annual,BCEAO,TAUXINFL_A,TAUX D'INFATION EN MOYENNE ANNUELLE,CCCSR3072A0BP,BURKINA FASO – Taux d'inflation moyen annuel (IPC) (en %),2015,2015-01-01,0.9,0.9,CCC,SR3072A0BP,BURKINA FASO,Taux d'inflation moyen annuel (IPC) (en %)
annual,BCEAO,TAUXINFL_A,TAUX D'INFATION EN MOYENNE ANNUELLE,CCCSR3072A0BP,BURKINA FASO – Taux d'inflation moyen annuel (IPC) (en %),2016,2016-01-01,-0.2,-0.2,CCC,SR3072A0BP,BURKINA FASO,Taux d'inflation moyen annuel (IPC) (en %)
annual,BCEAO,TAUXINFL_A,TAUX D'INFATION EN MOYENNE ANNUELLE,CCCSR3072A0BP,BURKINA FASO – Taux d'inflation moyen annuel (IPC) (en %),2017,2017-01-01,2.9,2.9,CCC,SR3072A0BP,BURKINA FASO,Taux d'inflation moyen annuel (IPC) (en %)
annual,BCEAO,TAUXINFL_A,TAUX D'INFATION EN MOYENNE ANNUELLE,CCCSR3072A0BP,BURKINA FASO – Taux d'inflation moyen annuel (IPC) (en %),2018,2018-01-01,1.9,1.9,CCC,SR3072A0BP,BURKINA FASO,Taux d'inflation moyen annuel (IPC) (en %)
annual,BCEAO,TAUXINFL_A,TAUX D'INFATION EN MOYENNE ANNUELLE,CCCSR3072A0BP,BURKINA FASO – Taux d'inflation moyen annuel (IPC) (en %),2019,2019-01-01,-3.2,-3.2,CCC,SR3072A0BP,BURKINA FASO,Taux d'inflation moyen annuel (IPC) (en %)
annual,BCEAO,TAUXINFL_A,TAUX D'INFATION EN MOYENNE ANNUELLE,CCCSR3072A0BP,BURKINA FASO – Taux d'inflation moyen annuel (IPC) (en %),2020,2020-01-01,1.9,1.9,CCC,SR3072A0BP,BURKINA FASO,Taux d'inflation moyen annuel (IPC) (en %)
annual,BCEAO,TAUXINFL_A,TAUX D'INFATION EN MOYENNE ANNUELLE,CCCSR3072A0BP,BURKINA FASO – Taux d'inflation moyen annuel (IPC) (en %),2021,2021-01-01,3.9,3.9,CCC,SR3072A0BP,BURKINA FASO,Taux d'inflation moyen annuel (IPC) (en %)
annual,BCEAO,TAUXINFL_A,TAUX D'INFATION EN MOYENNE ANNUELLE,CCCSR3072A0BP,BURKINA FASO – Taux d'inflation moyen annuel (IPC) (en %),2022,2022-01-01,14.1,14.1,CCC,SR3072A0BP,BURKINA FASO,Taux d'inflation moyen annuel (IPC) (en %)
annual,BCEAO,TAUXINFL_A,TAUX D'INFATION EN MOYENNE ANNUELLE,CCCSR3072A0BP,BURKINA FASO – Taux d'inflation moyen annuel (IPC) (en %),2023,2023-01-01,0.7,0.7,CCC,SR3072A0BP,BURKINA FASO,Taux d'inflation moyen annuel (IPC) (en %)
annual,BCEAO,TAUXINFL_A,TAUX D'INFATION EN MOYENNE ANNUELLE,CCCSR3072A0BP,BURKINA FASO – Taux d'inflation moyen annuel (IPC) (en %),2024,2024-01-01,4.2,4.2,CCC,SR3072A0BP,BURKINA FASO,Taux d'inflation moyen annuel (IPC) (en %)
