period,value,indicateur,description
1960-01-01,16.681,secteur_industrie_senegal,"PIB - Industrie, mines, énergie, BTP, Sénégal"
1961-01-01,18.416,secteur_industrie_senegal,"PIB - Industrie, mines, énergie, BTP, Sénégal"
1962-01-01,19.477,secteur_industrie_senegal,"PIB - Industrie, mines, énergie, BTP, Sénégal"
1963-01-01,20.055,secteur_industrie_senegal,"PIB - Industrie, mines, énergie, BTP, Sénégal"
1964-01-01,21.984,secteur_industrie_senegal,"PIB - Industrie, mines, énergie, BTP, Sénégal"
1965-01-01,22.948,secteur_industrie_senegal,"PIB - Industrie, mines, énergie, BTP, Sénégal"
1966-01-01,23.912,secteur_industrie_senegal,"PIB - Industrie, mines, énergie, BTP, Sénégal"
1967-01-01,25.551,secteur_industrie_senegal,"PIB - Industrie, mines, énergie, BTP, Sénégal"
1968-01-01,25.648,secteur_industrie_senegal,"PIB - Industrie, mines, énergie, BTP, Sénégal"
1969-01-01,28.347,secteur_industrie_senegal,"PIB - Industrie, mines, énergie, BTP, Sénégal"
1970-01-01,30.951,secteur_industrie_senegal,"PIB - Industrie, mines, énergie, BTP, Sénégal"
1971-01-01,32.59,secteur_industrie_senegal,"PIB - Industrie, mines, énergie, BTP, Sénégal"
1972-01-01,34.711,secteur_industrie_senegal,"PIB - Industrie, mines, énergie, BTP, Sénégal"
1973-01-01,34.904,secteur_industrie_senegal,"PIB - Industrie, mines, énergie, BTP, Sénégal"
1974-01-01,50.427,secteur_industrie_senegal,"PIB - Industrie, mines, énergie, BTP, Sénégal"
1975-01-01,58.334,secteur_industrie_senegal,"PIB - Industrie, mines, énergie, BTP, Sénégal"
1976-01-01,60.744,secteur_industrie_senegal,"PIB - Industrie, mines, énergie, BTP, Sénégal"
1977-01-01,67.686,secteur_industrie_senegal,"PIB - Industrie, mines, énergie, BTP, Sénégal"
1978-01-01,72.122,secteur_industrie_senegal,"PIB - Industrie, mines, énergie, BTP, Sénégal"
1979-01-01,84.463,secteur_industrie_senegal,"PIB - Industrie, mines, énergie, BTP, Sénégal"
1980-01-01,93.527,secteur_industrie_senegal,"PIB - Industrie, mines, énergie, BTP, Sénégal"
1981-01-01,102.783,secteur_industrie_senegal,"PIB - Industrie, mines, énergie, BTP, Sénégal"
1982-01-01,122.742,secteur_industrie_senegal,"PIB - Industrie, mines, énergie, BTP, Sénégal"
1983-01-01,140.965,secteur_industrie_senegal,"PIB - Industrie, mines, énergie, BTP, Sénégal"
1984-01-01,167.866,secteur_industrie_senegal,"PIB - Industrie, mines, énergie, BTP, Sénégal"
1985-01-01,197.66,secteur_industrie_senegal,"PIB - Industrie, mines, énergie, BTP, Sénégal"
1986-01-01,219.547,secteur_industrie_senegal,"PIB - Industrie, mines, énergie, BTP, Sénégal"
1987-01-01,238.059,secteur_industrie_senegal,"PIB - Industrie, mines, énergie, BTP, Sénégal"
1988-01-01,263.417,secteur_industrie_senegal,"PIB - Industrie, mines, énergie, BTP, Sénégal"
1989-01-01,267.178,secteur_industrie_senegal,"PIB - Industrie, mines, énergie, BTP, Sénégal"
1990-01-01,426.28,secteur_industrie_senegal,"PIB - Industrie, mines, énergie, BTP, Sénégal"
1991-01-01,473.86,secteur_industrie_senegal,"PIB - Industrie, mines, énergie, BTP, Sénégal"
1992-01-01,515.47,secteur_industrie_senegal,"PIB - Industrie, mines, énergie, BTP, Sénégal"
1993-01-01,500.83,secteur_industrie_senegal,"PIB - Industrie, mines, énergie, BTP, Sénégal"
1994-01-01,627.49,secteur_industrie_senegal,"PIB - Industrie, mines, énergie, BTP, Sénégal"
1995-01-01,720.58,secteur_industrie_senegal,"PIB - Industrie, mines, énergie, BTP, Sénégal"
1996-01-01,790.57,secteur_industrie_senegal,"PIB - Industrie, mines, énergie, BTP, Sénégal"
1997-01-01,814.7,secteur_industrie_senegal,"PIB - Industrie, mines, énergie, BTP, Sénégal"
1998-01-01,878.82,secteur_industrie_senegal,"PIB - Industrie, mines, énergie, BTP, Sénégal"
1999-01-01,943.19,secteur_industrie_senegal,"PIB - Industrie, mines, énergie, BTP, Sénégal"
2000-01-01,1025.3,secteur_industrie_senegal,"PIB - Industrie, mines, énergie, BTP, Sénégal"
2001-01-01,1138.4,secteur_industrie_senegal,"PIB - Industrie, mines, énergie, BTP, Sénégal"
2002-01-01,1204.6,secteur_industrie_senegal,"PIB - Industrie, mines, énergie, BTP, Sénégal"
2003-01-01,1231.0,secteur_industrie_senegal,"PIB - Industrie, mines, énergie, BTP, Sénégal"
2004-01-01,1332.05,secteur_industrie_senegal,"PIB - Industrie, mines, énergie, BTP, Sénégal"
2005-01-01,1374.64,secteur_industrie_senegal,"PIB - Industrie, mines, énergie, BTP, Sénégal"
2006-01-01,1430.97,secteur_industrie_senegal,"PIB - Industrie, mines, énergie, BTP, Sénégal"
2007-01-01,1583.12,secteur_industrie_senegal,"PIB - Industrie, mines, énergie, BTP, Sénégal"
2008-01-01,1659.86,secteur_industrie_senegal,"PIB - Industrie, mines, énergie, BTP, Sénégal"
2009-01-01,1670.58,secteur_industrie_senegal,"PIB - Industrie, mines, énergie, BTP, Sénégal"
2010-01-01,1737.03,secteur_industrie_senegal,"PIB - Industrie, mines, énergie, BTP, Sénégal"
2011-01-01,1956.54,secteur_industrie_senegal,"PIB - Industrie, mines, énergie, BTP, Sénégal"
2012-01-01,2083.96,secteur_industrie_senegal,"PIB - Industrie, mines, énergie, BTP, Sénégal"
2013-01-01,2270.03,secteur_industrie_senegal,"PIB - Industrie, mines, énergie, BTP, Sénégal"
2014-01-01,2263.18,secteur_industrie_senegal,"PIB - Industrie, mines, énergie, BTP, Sénégal"
2015-01-01,2479.69,secteur_industrie_senegal,"PIB - Industrie, mines, énergie, BTP, Sénégal"
2016-01-01,2634.0,secteur_industrie_senegal,"PIB - Industrie, mines, énergie, BTP, Sénégal"
2017-01-01,2837.97,secteur_industrie_senegal,"PIB - Industrie, mines, énergie, BTP, Sénégal"
2018-01-01,3083.35,secteur_industrie_senegal,"PIB - Industrie, mines, énergie, BTP, Sénégal"
2019-01-01,3232.46,secteur_industrie_senegal,"PIB - Industrie, mines, énergie, BTP, Sénégal"
2020-01-01,3276.98,secteur_industrie_senegal,"PIB - Industrie, mines, énergie, BTP, Sénégal"
2021-01-01,3649.31,secteur_industrie_senegal,"PIB - Industrie, mines, énergie, BTP, Sénégal"
2022-01-01,4270.39,secteur_industrie_senegal,"PIB - Industrie, mines, énergie, BTP, Sénégal"
2023-01-01,4547.29,secteur_industrie_senegal,"PIB - Industrie, mines, énergie, BTP, Sénégal"
2024-01-01,5150.37,secteur_industrie_senegal,"PIB - Industrie, mines, énergie, BTP, Sénégal"
